{"DocumentId":"UIpath_PDF 1","ContentType":"application/pdf","Length":5312,"Pages":[{"PageIndex":0,"Size":[0.0,0.0,612.0,792.0],"Sections":[{"IndexInText":0,"Language":"eng","Length":29,"Rotation":"None","SkewAngle":-0.0,"Type":"Paragraph","WordGroups":[{"IndexInText":0,"Length":29,"Type":"Other","Words":[{"Box":[17.6,226.13,26.13,24.0],"Polygon":[227.47,17.6,252.27,19.2,250.93,41.6,226.13,40.0],"IndexInText":0,"OcrConfidence":0.34,"Text":"₪","VisualLineNumber":0,"TextType":"Unknown"},{"Box":[23.47,263.73,28.0,7.2],"Polygon":[263.73,23.47,291.73,23.47,291.73,30.67,263.73,30.67],"IndexInText":2,"OcrConfidence":1.0,"Text":"Republic","VisualLineNumber":0,"TextType":"Unknown"},{"Box":[23.47,292.8,7.2,5.6],"Polygon":[292.8,23.47,300.0,23.47,300.0,29.07,292.8,29.07],"IndexInText":11,"OcrConfidence":1.0,"Text":"of","VisualLineNumber":0,"TextType":"Unknown"},{"Box":[23.47,300.27,11.2,5.6],"Polygon":[300.27,23.47,311.47,23.47,311.47,29.07,300.27,29.07],"IndexInText":14,"OcrConfidence":1.0,"Text":"the","VisualLineNumber":0,"TextType":"Unknown"},{"Box":[23.47,312.8,35.2,7.47],"Polygon":[312.8,23.47,348.0,23.47,348.0,30.93,312.8,30.93],"IndexInText":18,"OcrConfidence":1.0,"Text":"Philippines","VisualLineNumber":0,"TextType":"Unknown"}]}]},{"IndexInText":31,"Language":"eng","Length":12,"Rotation":"None","SkewAngle":-0.0,"Type":"Paragraph","WordGroups":[{"IndexInText":31,"Length":12,"Type":"Other","Words":[{"Box":[34.4,60.0,10.67,6.13],"Polygon":[60.0,34.4,70.67,34.4,70.67,40.53,60.0,40.53],"IndexInText":31,"OcrConfidence":1.0,"Text":"For","VisualLineNumber":2,"TextType":"Unknown"},{"Box":[34.4,71.47,11.73,6.4],"Polygon":[71.47,34.4,83.2,34.4,83.2,40.8,71.47,40.8],"IndexInText":35,"OcrConfidence":1.0,"Text":"BIR","VisualLineNumber":2,"TextType":"Unknown"},{"Box":[34.13,90.93,16.53,6.67],"Polygon":[90.93,34.13,107.47,34.13,107.47,40.8,90.93,40.8],"IndexInText":39,"OcrConfidence":1.0,"Text":"BCS/","VisualLineNumber":2,"TextType":"Unknown"}]}]},{"IndexInText":45,"Language":"eng","Length":21,"Rotation":"None","SkewAngle":-0.0,"Type":"Paragraph","WordGroups":[{"IndexInText":45,"Length":21,"Type":"Heading","Words":[{"Box":[32.27,270.13,37.07,7.47],"Polygon":[270.13,32.27,307.2,32.27,307.2,39.73,270.13,39.73],"IndexInText":45,"OcrConfidence":1.0,"Text":"Department","VisualLineNumber":1,"TextType":"Unknown"},{"Box":[32.27,308.0,7.47,5.87],"Polygon":[308.0,32.27,315.47,32.27,315.47,38.13,308.0,38.13],"IndexInText":56,"OcrConfidence":1.0,"Text":"of","VisualLineNumber":1,"TextType":"Unknown"},{"Box":[32.0,316.53,25.07,6.4],"Polygon":[316.53,32.0,341.6,32.0,341.6,38.4,316.53,38.4],"IndexInText":59,"OcrConfidence":1.0,"Text":"Finance","VisualLineNumber":1,"TextType":"Unknown"}]}]},{"IndexInText":68,"Language":"eng","Length":5176,"Rotation":"None","SkewAngle":-0.0,"Type":"Table","WordGroups":[{"IndexInText":68,"Length":148,"Type":"TableRowEnd","Words":[{"Box":[42.13,60.0,12.0,5.6],"Polygon":[60.0,42.13,72.0,42.13,72.0,47.73,60.0,47.73],"IndexInText":68,"OcrConfidence":1.0,"Text":"Use","VisualLineNumber":3,"TextType":"Unknown"},{"Box":[41.87,73.33,14.13,7.2],"Polygon":[73.33,41.87,87.47,41.87,87.47,49.07,73.33,49.07],"IndexInText":72,"OcrConfidence":1.0,"Text":"Only","VisualLineNumber":3,"TextType":"Unknown"},{"Box":[41.87,91.2,14.4,5.87],"Polygon":[91.2,41.87,105.6,41.87,105.6,47.73,91.2,47.73],"IndexInText":77,"OcrConfidence":0.84999996,"Text":"Item:","VisualLineNumber":3,"TextType":"Unknown"},{"Box":[42.13,263.47,22.67,5.87],"Polygon":[263.47,42.13,286.13,42.13,286.13,48.0,263.47,48.0],"IndexInText":83,"OcrConfidence":1.0,"Text":"Bureau","VisualLineNumber":3,"TextType":"Unknown"},{"Box":[42.4,287.2,7.47,5.6],"Polygon":[287.2,42.4,294.67,42.4,294.67,48.0,287.2,48.0],"IndexInText":90,"OcrConfidence":1.0,"Text":"of","VisualLineNumber":3,"TextType":"Unknown"},{"Box":[41.87,295.47,24.53,5.87],"Polygon":[295.47,41.87,320.0,41.87,320.0,47.73,295.47,47.73],"IndexInText":93,"OcrConfidence":1.0,"Text":"Internal","VisualLineNumber":3,"TextType":"Unknown"},{"Box":[42.13,321.07,27.47,5.87],"Polygon":[321.07,42.13,348.53,42.13,348.53,48.0,321.07,48.0],"IndexInText":102,"OcrConfidence":1.0,"Text":"Revenue","VisualLineNumber":3,"TextType":"Unknown"},{"Box":[50.67,418.93,134.67,28.0],"Polygon":[418.93,50.67,553.6,50.67,553.6,78.67,418.93,78.67],"IndexInText":110,"OcrConfidence":1.0,"Text":"₪","VisualLineNumber":4,"TextType":"Unknown"},{"Box":[52.8,76.53,11.47,6.13],"Polygon":[76.53,52.8,88.0,52.8,88.0,58.93,76.53,58.93],"IndexInText":112,"OcrConfidence":1.0,"Text":"BIR","VisualLineNumber":4,"TextType":"Unknown"},{"Box":[52.8,89.6,15.73,6.13],"Polygon":[89.6,52.8,105.33,52.8,105.33,58.93,89.6,58.93],"IndexInText":116,"OcrConfidence":1.0,"Text":"Form","VisualLineNumber":4,"TextType":"Unknown"},{"Box":[52.8,106.4,10.67,6.13],"Polygon":[106.4,52.8,117.07,52.8,117.07,58.93,106.4,58.93],"IndexInText":121,"OcrConfidence":1.0,"Text":"No.","VisualLineNumber":4,"TextType":"Unknown"},{"Box":[66.4,73.6,47.73,17.33],"Polygon":[73.6,66.4,121.33,66.4,121.33,83.73,73.6,83.73],"IndexInText":125,"OcrConfidence":1.0,"Text":"2307","VisualLineNumber":5,"TextType":"Unknown"},{"Box":[72.53,212.8,64.0,12.0],"Polygon":[212.8,72.53,276.8,72.53,276.8,84.53,212.8,84.53],"IndexInText":130,"OcrConfidence":1.0,"Text":"Certificate","VisualLineNumber":5,"TextType":"Unknown"},{"Box":[72.8,279.73,14.13,11.47],"Polygon":[279.73,72.8,293.87,72.8,293.87,84.27,279.73,84.27],"IndexInText":142,"OcrConfidence":1.0,"Text":"of","VisualLineNumber":5,"TextType":"Unknown"},{"Box":[72.53,295.73,64.27,12.0],"Polygon":[295.73,72.53,360.0,72.53,360.0,84.53,295.73,84.53],"IndexInText":145,"OcrConfidence":1.0,"Text":"Creditable","VisualLineNumber":5,"TextType":"Unknown"},{"Box":[72.8,362.4,24.27,11.47],"Polygon":[362.4,72.8,386.67,72.8,386.67,84.27,362.4,84.27],"IndexInText":156,"OcrConfidence":1.0,"Text":"Tax","VisualLineNumber":5,"TextType":"Unknown"},{"Box":[72.53,471.47,5.07,5.6],"Polygon":[471.47,72.53,476.53,72.53,476.53,78.13,471.47,78.13],"IndexInText":160,"OcrConfidence":0.58,"Text":"Il","VisualLineNumber":5,"TextType":"Unknown"},{"Box":[89.33,240.0,56.0,11.47],"Polygon":[240.0,89.33,296.0,89.33,296.0,100.8,240.0,100.8],"IndexInText":163,"OcrConfidence":1.0,"Text":"Withheld","VisualLineNumber":6,"TextType":"Unknown"},{"Box":[89.87,298.4,13.33,10.93],"Polygon":[298.4,89.87,311.73,89.87,311.73,100.8,298.4,100.8],"IndexInText":172,"OcrConfidence":1.0,"Text":"at","VisualLineNumber":6,"TextType":"Unknown"},{"Box":[89.07,313.33,45.33,11.73],"Polygon":[313.33,89.07,358.67,89.07,358.67,100.8,313.33,100.8],"IndexInText":175,"OcrConfidence":1.0,"Text":"Source","VisualLineNumber":6,"TextType":"Unknown"},{"Box":[104.53,64.0,23.73,7.2],"Polygon":[64.0,104.53,87.73,104.53,87.73,111.73,64.0,111.73],"IndexInText":182,"OcrConfidence":1.0,"Text":"January","VisualLineNumber":7,"TextType":"Unknown"},{"Box":[104.27,89.33,15.2,6.4],"Polygon":[89.33,104.27,104.53,104.27,104.53,110.67,89.33,110.67],"IndexInText":190,"OcrConfidence":1.0,"Text":"2018","VisualLineNumber":7,"TextType":"Unknown"},{"Box":[104.27,105.6,23.47,7.73],"Polygon":[105.6,104.27,129.07,104.27,129.07,112.0,105.6,112.0],"IndexInText":195,"OcrConfidence":0.98999995,"Text":"(ENCS)","VisualLineNumber":7,"TextType":"Unknown"},{"Box":[106.67,495.47,15.2,6.13],"Polygon":[495.47,106.67,510.67,106.67,510.67,112.8,495.47,112.8],"IndexInText":202,"OcrConfidence":1.0,"Text":"2307","VisualLineNumber":7,"TextType":"Unknown"},{"Box":[106.93,511.73,35.73,5.87],"Polygon":[511.73,106.93,547.47,106.93,547.47,112.8,511.73,112.8],"IndexInText":207,"OcrConfidence":1.0,"Text":"01/18ENCS","VisualLineNumber":7,"TextType":"Unknown"}]},{"IndexInText":235,"Length":70,"Type":"TableRowEnd","Words":[{"Box":[125.87,59.73,8.8,5.6],"Polygon":[59.73,125.87,68.53,125.87,68.53,131.47,59.73,131.47],"IndexInText":235,"OcrConfidence":1.0,"Text":"Fill","VisualLineNumber":8,"TextType":"Unknown"},{"Box":[125.87,69.87,5.33,5.6],"Polygon":[69.87,125.87,75.2,125.87,75.2,131.47,69.87,131.47],"IndexInText":240,"OcrConfidence":1.0,"Text":"in","VisualLineNumber":8,"TextType":"Unknown"},{"Box":[125.87,76.53,7.73,5.6],"Polygon":[76.53,125.87,84.27,125.87,84.27,131.47,76.53,131.47],"IndexInText":243,"OcrConfidence":1.0,"Text":"all","VisualLineNumber":8,"TextType":"Unknown"},{"Box":[125.6,85.33,30.4,7.2],"Polygon":[85.33,125.6,115.73,125.6,115.73,132.8,85.33,132.8],"IndexInText":247,"OcrConfidence":1.0,"Text":"applicable","VisualLineNumber":8,"TextType":"Unknown"},{"Box":[126.4,116.8,22.13,6.4],"Polygon":[116.8,126.4,138.93,126.4,138.93,132.8,116.8,132.8],"IndexInText":258,"OcrConfidence":1.0,"Text":"spaces.","VisualLineNumber":8,"TextType":"Unknown"},{"Box":[125.87,140.8,15.2,5.6],"Polygon":[140.8,125.87,156.0,125.87,156.0,131.47,140.8,131.47],"IndexInText":266,"OcrConfidence":1.0,"Text":"Mark","VisualLineNumber":8,"TextType":"Unknown"},{"Box":[125.87,157.07,7.2,5.6],"Polygon":[157.07,125.87,164.27,125.87,164.27,131.47,157.07,131.47],"IndexInText":271,"OcrConfidence":1.0,"Text":"all","VisualLineNumber":8,"TextType":"Unknown"},{"Box":[125.87,165.6,33.87,6.93],"Polygon":[165.6,125.87,199.47,125.87,199.47,132.8,165.6,132.8],"IndexInText":275,"OcrConfidence":1.0,"Text":"appropriate","VisualLineNumber":8,"TextType":"Unknown"},{"Box":[125.6,200.53,17.33,5.87],"Polygon":[200.53,125.6,217.87,125.6,217.87,131.47,200.53,131.47],"IndexInText":287,"OcrConfidence":1.0,"Text":"boxes","VisualLineNumber":8,"TextType":"Unknown"},{"Box":[125.6,218.67,12.8,5.87],"Polygon":[218.67,125.6,231.47,125.6,231.47,131.47,218.67,131.47],"IndexInText":293,"OcrConfidence":1.0,"Text":"with","VisualLineNumber":8,"TextType":"Unknown"},{"Box":[126.4,232.8,7.73,5.07],"Polygon":[232.8,126.4,240.53,126.4,240.53,131.47,232.8,131.47],"IndexInText":298,"OcrConfidence":1.0,"Text":"an","VisualLineNumber":8,"TextType":"Unknown"},{"Box":[125.6,241.6,11.2,6.13],"Polygon":[241.6,125.6,252.8,125.6,252.8,131.73,241.6,131.73],"IndexInText":301,"OcrConfidence":0.97999996,"Text":"\"X\".","VisualLineNumber":8,"TextType":"Unknown"}]},{"IndexInText":402,"Length":74,"Type":"TableRowEnd","Words":[{"Box":[139.47,62.67,4.0,5.87],"Polygon":[62.67,139.47,66.67,139.47,66.67,145.33,62.67,145.33],"IndexInText":402,"OcrConfidence":1.0,"Text":"1","VisualLineNumber":9,"TextType":"Unknown"},{"Box":[138.93,74.67,10.67,6.13],"Polygon":[74.67,138.93,85.33,138.93,85.33,145.07,74.67,145.07],"IndexInText":404,"OcrConfidence":1.0,"Text":"For","VisualLineNumber":9,"TextType":"Unknown"},{"Box":[139.2,86.13,10.13,5.87],"Polygon":[86.13,139.2,96.27,139.2,96.27,145.07,86.13,145.07],"IndexInText":408,"OcrConfidence":1.0,"Text":"the","VisualLineNumber":9,"TextType":"Unknown"},{"Box":[138.93,97.33,19.47,6.4],"Polygon":[97.33,138.93,116.8,138.93,116.8,145.33,97.33,145.33],"IndexInText":412,"OcrConfidence":1.0,"Text":"Period","VisualLineNumber":9,"TextType":"Unknown"},{"Box":[138.93,152.0,16.53,6.4],"Polygon":[152.0,138.93,168.53,138.93,168.53,145.33,152.0,145.33],"IndexInText":419,"OcrConfidence":1.0,"Text":"From","VisualLineNumber":9,"TextType":"Unknown"},{"Box":[135.73,177.33,30.4,14.13],"Polygon":[177.33,135.73,207.73,135.73,207.73,149.87,177.33,149.87],"IndexInText":424,"OcrConfidence":1.0,"Text":"1001","VisualLineNumber":9,"TextType":"Unknown"},{"Box":[138.67,221.6,29.6,10.67],"Polygon":[221.6,138.67,251.2,138.67,251.2,149.33,221.6,149.33],"IndexInText":429,"OcrConfidence":1.0,"Text":"2020","VisualLineNumber":9,"TextType":"Unknown"},{"Box":[138.67,270.4,46.4,7.73],"Polygon":[270.4,138.67,316.8,138.67,316.8,146.4,270.4,146.4],"IndexInText":434,"OcrConfidence":0.97999996,"Text":"(MM/DD/YYYY)","VisualLineNumber":9,"TextType":"Unknown"},{"Box":[138.67,371.2,8.53,6.4],"Polygon":[371.2,138.67,379.73,138.67,379.73,145.07,371.2,145.07],"IndexInText":447,"OcrConfidence":1.0,"Text":"To","VisualLineNumber":9,"TextType":"Unknown"},{"Box":[140.0,390.67,4.0,8.0],"Polygon":[390.67,140.0,394.67,140.0,394.67,148.0,390.67,148.0],"IndexInText":450,"OcrConfidence":1.0,"Text":"1","VisualLineNumber":9,"TextType":"Unknown"},{"Box":[139.73,397.33,5.87,8.0],"Polygon":[397.33,139.73,403.2,139.73,403.2,147.73,397.33,147.73],"IndexInText":452,"OcrConfidence":1.0,"Text":"0","VisualLineNumber":9,"TextType":"Unknown"},{"Box":[139.47,406.93,5.87,8.27],"Polygon":[406.93,139.47,412.8,139.47,412.8,147.73,406.93,147.73],"IndexInText":454,"OcrConfidence":1.0,"Text":"3","VisualLineNumber":9,"TextType":"Unknown"},{"Box":[139.73,414.93,4.27,8.0],"Polygon":[414.93,139.73,419.2,139.73,419.2,147.73,414.93,147.73],"IndexInText":456,"OcrConfidence":1.0,"Text":"1","VisualLineNumber":9,"TextType":"Unknown"},{"Box":[139.73,434.93,13.33,8.0],"Polygon":[434.93,139.73,448.27,139.73,448.27,147.73,434.93,147.73],"IndexInText":458,"OcrConfidence":1.0,"Text":"20","VisualLineNumber":9,"TextType":"Unknown"},{"Box":[139.73,451.73,13.6,8.27],"Polygon":[451.73,139.73,465.33,139.73,465.33,148.0,451.73,148.0],"IndexInText":461,"OcrConfidence":1.0,"Text":"20","VisualLineNumber":9,"TextType":"Unknown"},{"Box":[138.4,480.8,47.2,7.73],"Polygon":[480.8,138.4,528.0,138.4,528.0,146.13,480.8,146.13],"IndexInText":464,"OcrConfidence":0.98999995,"Text":"(MM/DD/YYYY)","VisualLineNumber":9,"TextType":"Unknown"}]},{"IndexInText":569,"Length":24,"Type":"TableRowEnd","Words":[{"Box":[152.8,265.87,13.6,6.13],"Polygon":[265.87,152.8,279.47,152.8,279.47,158.93,265.87,158.93],"IndexInText":569,"OcrConfidence":1.0,"Text":"Part","VisualLineNumber":10,"TextType":"Unknown"},{"Box":[152.53,280.53,2.93,6.4],"Polygon":[280.53,152.53,283.47,152.53,283.47,158.93,280.53,158.93],"IndexInText":574,"OcrConfidence":0.61,"Text":"I","VisualLineNumber":10,"TextType":"Unknown"},{"Box":[152.53,289.87,19.2,7.47],"Polygon":[289.87,152.53,309.07,152.53,309.07,160.0,289.87,160.0],"IndexInText":576,"OcrConfidence":1.0,"Text":"Payee","VisualLineNumber":10,"TextType":"Unknown"},{"Box":[152.53,309.87,37.07,6.4],"Polygon":[309.87,152.53,346.93,152.53,346.93,158.93,309.87,158.93],"IndexInText":582,"OcrConfidence":1.0,"Text":"Information","VisualLineNumber":10,"TextType":"Unknown"}]},{"IndexInText":736,"Length":57,"Type":"TableRowEnd","Words":[{"Box":[166.4,62.4,4.8,5.87],"Polygon":[62.4,166.4,67.2,166.4,67.2,172.27,62.4,172.27],"IndexInText":736,"OcrConfidence":1.0,"Text":"2","VisualLineNumber":11,"TextType":"Unknown"},{"Box":[166.13,71.47,28.0,7.47],"Polygon":[71.47,166.13,99.47,166.13,99.47,173.6,71.47,173.6],"IndexInText":738,"OcrConfidence":1.0,"Text":"Taxpayer","VisualLineNumber":11,"TextType":"Unknown"},{"Box":[166.13,100.27,37.87,6.4],"Polygon":[100.27,166.13,138.13,166.13,138.13,172.53,100.27,172.53],"IndexInText":747,"OcrConfidence":1.0,"Text":"Identification","VisualLineNumber":11,"TextType":"Unknown"},{"Box":[166.13,139.2,24.27,6.4],"Polygon":[139.2,166.13,163.47,166.13,163.47,172.53,139.2,172.53],"IndexInText":762,"OcrConfidence":1.0,"Text":"Number","VisualLineNumber":11,"TextType":"Unknown"},{"Box":[166.13,164.27,15.47,7.47],"Polygon":[164.27,166.13,179.73,166.13,179.73,173.6,164.27,173.6],"IndexInText":769,"OcrConfidence":1.0,"Text":"(TIN)","VisualLineNumber":11,"TextType":"Unknown"},{"Box":[168.53,228.0,5.6,8.0],"Polygon":[228.0,168.53,233.6,168.53,233.6,176.53,228.0,176.53],"IndexInText":775,"OcrConfidence":1.0,"Text":"0","VisualLineNumber":11,"TextType":"Unknown"},{"Box":[168.53,235.2,10.67,7.73],"Polygon":[235.2,168.53,245.87,168.53,245.87,176.27,235.2,176.27],"IndexInText":777,"OcrConfidence":1.0,"Text":"02","VisualLineNumber":11,"TextType":"Unknown"},{"Box":[168.53,269.87,5.6,7.73],"Polygon":[269.87,168.53,275.47,168.53,275.47,176.27,269.87,176.27],"IndexInText":780,"OcrConfidence":1.0,"Text":"8","VisualLineNumber":11,"TextType":"Unknown"},{"Box":[168.53,277.33,5.33,8.0],"Polygon":[277.33,168.53,282.67,168.53,282.67,176.53,277.33,176.53],"IndexInText":782,"OcrConfidence":1.0,"Text":"5","VisualLineNumber":11,"TextType":"Unknown"},{"Box":[168.53,284.53,5.6,8.0],"Polygon":[284.53,168.53,290.13,168.53,290.13,176.53,284.53,176.53],"IndexInText":784,"OcrConfidence":1.0,"Text":"7","VisualLineNumber":11,"TextType":"Unknown"},{"Box":[166.93,312.27,22.67,10.13],"Polygon":[312.27,166.93,334.93,166.93,334.93,177.07,312.27,177.07],"IndexInText":786,"OcrConfidence":1.0,"Text":"329","VisualLineNumber":11,"TextType":"Unknown"},{"Box":[167.2,369.6,23.47,9.6],"Polygon":[369.6,167.2,393.07,167.2,393.07,176.8,369.6,176.8],"IndexInText":790,"OcrConfidence":0.85999995,"Text":"067","VisualLineNumber":11,"TextType":"Unknown"}]},{"IndexInText":903,"Length":104,"Type":"TableRowEnd","Words":[{"Box":[180.53,62.67,4.53,5.87],"Polygon":[62.67,180.53,67.2,180.53,67.2,186.4,62.67,186.4],"IndexInText":903,"OcrConfidence":1.0,"Text":"3","VisualLineNumber":12,"TextType":"Unknown"},{"Box":[180.27,72.0,23.2,7.47],"Polygon":[72.0,180.27,95.2,180.27,95.2,187.73,72.0,187.73],"IndexInText":905,"OcrConfidence":1.0,"Text":"Payee's","VisualLineNumber":12,"TextType":"Unknown"},{"Box":[180.27,96.27,18.4,6.13],"Polygon":[96.27,180.27,114.67,180.27,114.67,186.4,96.27,186.4],"IndexInText":913,"OcrConfidence":1.0,"Text":"Name","VisualLineNumber":12,"TextType":"Unknown"},{"Box":[180.27,115.47,16.0,6.93],"Polygon":[115.47,180.27,131.47,180.27,131.47,187.2,115.47,187.2],"IndexInText":918,"OcrConfidence":1.0,"Text":"(Last","VisualLineNumber":12,"TextType":"Unknown"},{"Box":[180.27,131.73,19.47,6.93],"Polygon":[131.73,180.27,151.2,180.27,151.2,187.2,131.73,187.2],"IndexInText":924,"OcrConfidence":1.0,"Text":"Name,","VisualLineNumber":12,"TextType":"Unknown"},{"Box":[180.27,152.8,13.6,6.13],"Polygon":[152.8,180.27,166.4,180.27,166.4,186.4,152.8,186.4],"IndexInText":930,"OcrConfidence":1.0,"Text":"First","VisualLineNumber":12,"TextType":"Unknown"},{"Box":[180.0,166.93,19.47,7.2],"Polygon":[166.93,180.0,186.4,180.0,186.4,187.2,166.93,187.2],"IndexInText":936,"OcrConfidence":1.0,"Text":"Name,","VisualLineNumber":12,"TextType":"Unknown"},{"Box":[180.27,188.27,19.47,6.13],"Polygon":[188.27,180.27,207.73,180.27,207.73,186.4,188.27,186.4],"IndexInText":942,"OcrConfidence":0.96999997,"Text":"Middle","VisualLineNumber":12,"TextType":"Unknown"},{"Box":[180.27,208.53,18.13,5.87],"Polygon":[208.53,180.27,226.67,180.27,226.67,186.13,208.53,186.13],"IndexInText":949,"OcrConfidence":1.0,"Text":"Name","VisualLineNumber":12,"TextType":"Unknown"},{"Box":[180.27,227.47,9.6,5.87],"Polygon":[227.47,180.27,237.07,180.27,237.07,186.13,227.47,186.13],"IndexInText":954,"OcrConfidence":1.0,"Text":"for","VisualLineNumber":12,"TextType":"Unknown"},{"Box":[180.27,237.33,28.0,5.87],"Polygon":[237.33,180.27,265.33,180.27,265.33,186.13,237.33,186.13],"IndexInText":958,"OcrConfidence":1.0,"Text":"Individual","VisualLineNumber":12,"TextType":"Unknown"},{"Box":[180.0,266.13,10.67,6.4],"Polygon":[266.13,180.0,276.8,180.0,276.8,186.4,266.13,186.4],"IndexInText":969,"OcrConfidence":1.0,"Text":"OR","VisualLineNumber":12,"TextType":"Unknown"},{"Box":[179.73,277.87,32.0,7.47],"Polygon":[277.87,179.73,309.87,179.73,309.87,187.2,277.87,187.2],"IndexInText":972,"OcrConfidence":1.0,"Text":"Registered","VisualLineNumber":12,"TextType":"Unknown"},{"Box":[180.0,310.67,17.87,6.13],"Polygon":[310.67,180.0,328.53,180.0,328.53,186.13,310.67,186.13],"IndexInText":983,"OcrConfidence":1.0,"Text":"Name","VisualLineNumber":12,"TextType":"Unknown"},{"Box":[180.0,329.33,9.33,6.13],"Polygon":[329.33,180.0,338.67,180.0,338.67,186.13,329.33,186.13],"IndexInText":988,"OcrConfidence":1.0,"Text":"for","VisualLineNumber":12,"TextType":"Unknown"},{"Box":[180.0,339.2,43.73,6.93],"Polygon":[339.2,180.0,382.93,180.0,382.93,186.93,339.2,186.93],"IndexInText":992,"OcrConfidence":0.97999996,"Text":"Non-Individual)","VisualLineNumber":12,"TextType":"Unknown"}]},{"IndexInText":1070,"Length":17,"Type":"TableRowEnd","Words":[{"Box":[192.27,76.8,51.2,7.47],"Polygon":[76.8,192.27,128.0,192.27,128.0,199.73,76.8,199.73],"IndexInText":1070,"OcrConfidence":1.0,"Text":"PANDAYAN","VisualLineNumber":13,"TextType":"Unknown"},{"Box":[192.27,129.33,49.6,7.47],"Polygon":[129.33,192.27,178.93,192.27,178.93,199.73,129.33,199.73],"IndexInText":1079,"OcrConfidence":1.0,"Text":"BOOKSHOP","VisualLineNumber":13,"TextType":"Unknown"}]},{"IndexInText":1237,"Length":53,"Type":"TableRowEnd","Words":[{"Box":[207.73,62.4,4.8,5.6],"Polygon":[62.4,207.73,67.2,207.73,67.2,213.33,62.4,213.33],"IndexInText":1237,"OcrConfidence":1.0,"Text":"4","VisualLineNumber":14,"TextType":"Unknown"},{"Box":[207.2,72.0,31.47,7.47],"Polygon":[72.0,207.2,103.47,207.2,103.47,214.67,72.0,214.67],"IndexInText":1239,"OcrConfidence":1.0,"Text":"Registered","VisualLineNumber":14,"TextType":"Unknown"},{"Box":[207.47,104.0,25.07,5.87],"Polygon":[104.0,207.47,129.07,207.47,129.07,213.33,104.0,213.33],"IndexInText":1250,"OcrConfidence":1.0,"Text":"Address","VisualLineNumber":14,"TextType":"Unknown"},{"Box":[206.93,506.4,9.6,6.13],"Polygon":[506.4,206.93,516.0,206.93,516.0,213.07,506.4,213.07],"IndexInText":1258,"OcrConfidence":1.0,"Text":"4A","VisualLineNumber":14,"TextType":"Unknown"},{"Box":[206.67,517.87,11.47,6.13],"Polygon":[517.87,206.67,529.33,206.67,529.33,212.8,517.87,212.8],"IndexInText":1261,"OcrConfidence":1.0,"Text":"ZIP","VisualLineNumber":14,"TextType":"Unknown"},{"Box":[206.67,530.13,16.53,6.13],"Polygon":[530.13,206.67,546.67,206.67,546.67,212.8,530.13,212.8],"IndexInText":1265,"OcrConfidence":1.0,"Text":"Code","VisualLineNumber":14,"TextType":"Unknown"},{"Box":[219.47,77.6,42.93,7.2],"Polygon":[77.6,219.47,120.53,219.47,120.53,226.67,77.6,226.67],"IndexInText":1270,"OcrConfidence":1.0,"Text":"CALAPAN","VisualLineNumber":15,"TextType":"Unknown"},{"Box":[219.2,122.4,21.6,7.73],"Polygon":[122.4,219.2,144.0,219.2,144.0,226.93,122.4,226.93],"IndexInText":1278,"OcrConfidence":1.0,"Text":"CITY","VisualLineNumber":15,"TextType":"Unknown"},{"Box":[218.67,512.53,5.33,8.0],"Polygon":[512.53,218.67,517.87,218.67,517.87,226.67,512.53,226.67],"IndexInText":1283,"OcrConfidence":1.0,"Text":"5","VisualLineNumber":15,"TextType":"Unknown"},{"Box":[218.4,519.73,5.87,8.27],"Polygon":[519.73,218.4,525.6,218.4,525.6,226.67,519.73,226.67],"IndexInText":1285,"OcrConfidence":1.0,"Text":"2","VisualLineNumber":15,"TextType":"Unknown"},{"Box":[218.4,526.93,5.87,8.27],"Polygon":[526.93,218.4,532.8,218.4,532.8,226.67,526.93,226.67],"IndexInText":1287,"OcrConfidence":1.0,"Text":"0","VisualLineNumber":15,"TextType":"Unknown"},{"Box":[218.4,534.4,5.87,8.0],"Polygon":[534.4,218.4,540.27,218.4,540.27,226.4,534.4,226.4],"IndexInText":1289,"OcrConfidence":1.0,"Text":"0","VisualLineNumber":15,"TextType":"Unknown"}]},{"IndexInText":1404,"Length":32,"Type":"TableRowEnd","Words":[{"Box":[234.67,62.67,4.53,5.87],"Polygon":[62.67,234.67,67.2,234.67,67.2,240.53,62.67,240.53],"IndexInText":1404,"OcrConfidence":1.0,"Text":"5","VisualLineNumber":16,"TextType":"Unknown"},{"Box":[234.4,72.0,22.4,7.2],"Polygon":[72.0,234.4,94.4,234.4,94.4,241.6,72.0,241.6],"IndexInText":1406,"OcrConfidence":1.0,"Text":"Foreign","VisualLineNumber":16,"TextType":"Unknown"},{"Box":[234.4,95.47,25.6,6.67],"Polygon":[95.47,234.4,121.07,234.4,121.07,241.07,95.47,241.07],"IndexInText":1414,"OcrConfidence":1.0,"Text":"Address,","VisualLineNumber":16,"TextType":"Unknown"},{"Box":[234.4,122.93,5.07,6.13],"Polygon":[122.93,234.4,128.0,234.4,128.0,240.53,122.93,240.53],"IndexInText":1423,"OcrConfidence":1.0,"Text":"if","VisualLineNumber":16,"TextType":"Unknown"},{"Box":[234.4,128.27,29.07,7.2],"Polygon":[128.27,234.4,157.33,234.4,157.33,241.6,128.27,241.6],"IndexInText":1426,"OcrConfidence":1.0,"Text":"applicable","VisualLineNumber":16,"TextType":"Unknown"}]},{"IndexInText":1571,"Length":27,"Type":"TableRowEnd","Words":[{"Box":[261.33,265.6,13.87,5.87],"Polygon":[265.6,261.33,279.47,261.33,279.47,267.2,265.6,267.2],"IndexInText":1571,"OcrConfidence":1.0,"Text":"Part","VisualLineNumber":17,"TextType":"Unknown"},{"Box":[261.07,280.0,4.8,6.13],"Polygon":[280.0,261.07,284.8,261.07,284.8,267.2,280.0,267.2],"IndexInText":1576,"OcrConfidence":0.58,"Text":"Il","VisualLineNumber":17,"TextType":"Unknown"},{"Box":[261.87,285.33,5.33,5.6],"Polygon":[285.33,261.87,290.67,261.87,290.67,267.47,285.33,267.47],"IndexInText":1579,"OcrConfidence":0.95,"Text":"-","VisualLineNumber":17,"TextType":"Unknown"},{"Box":[261.33,291.47,18.4,7.2],"Polygon":[291.47,261.33,309.87,261.33,309.87,268.53,291.47,268.53],"IndexInText":1581,"OcrConfidence":1.0,"Text":"Payor","VisualLineNumber":17,"TextType":"Unknown"},{"Box":[261.07,311.2,36.8,6.13],"Polygon":[311.2,261.07,348.0,261.07,348.0,267.2,311.2,267.2],"IndexInText":1587,"OcrConfidence":1.0,"Text":"Information","VisualLineNumber":17,"TextType":"Unknown"}]},{"IndexInText":1738,"Length":60,"Type":"TableRowEnd","Words":[{"Box":[274.93,62.67,4.53,6.13],"Polygon":[62.67,274.93,67.2,274.93,67.2,281.07,62.67,281.07],"IndexInText":1738,"OcrConfidence":1.0,"Text":"6","VisualLineNumber":18,"TextType":"Unknown"},{"Box":[274.67,71.47,28.0,7.47],"Polygon":[71.47,274.67,99.47,274.67,99.47,282.13,71.47,282.13],"IndexInText":1740,"OcrConfidence":1.0,"Text":"Taxpayer","VisualLineNumber":18,"TextType":"Unknown"},{"Box":[274.67,100.8,37.33,6.13],"Polygon":[100.8,274.67,138.13,274.67,138.13,280.8,100.8,280.8],"IndexInText":1749,"OcrConfidence":1.0,"Text":"Identification","VisualLineNumber":18,"TextType":"Unknown"},{"Box":[274.67,139.2,24.0,5.87],"Polygon":[139.2,274.67,163.2,274.67,163.2,280.53,139.2,280.53],"IndexInText":1764,"OcrConfidence":1.0,"Text":"Number","VisualLineNumber":18,"TextType":"Unknown"},{"Box":[274.67,164.53,15.47,7.2],"Polygon":[164.53,274.67,180.0,274.67,180.0,281.87,164.53,281.87],"IndexInText":1771,"OcrConfidence":0.96999997,"Text":"(TIN)","VisualLineNumber":18,"TextType":"Unknown"},{"Box":[275.73,226.4,5.6,8.27],"Polygon":[226.4,275.73,232.0,275.73,232.0,284.0,226.4,284.0],"IndexInText":1777,"OcrConfidence":1.0,"Text":"0","VisualLineNumber":18,"TextType":"Unknown"},{"Box":[275.73,233.87,5.6,8.27],"Polygon":[233.87,275.73,239.47,275.73,239.47,284.0,233.87,284.0],"IndexInText":1779,"OcrConfidence":1.0,"Text":"0","VisualLineNumber":18,"TextType":"Unknown"},{"Box":[275.73,241.33,5.6,8.0],"Polygon":[241.33,275.73,246.93,275.73,246.93,283.73,241.33,283.73],"IndexInText":1781,"OcrConfidence":1.0,"Text":"0","VisualLineNumber":18,"TextType":"Unknown"},{"Box":[275.47,270.4,6.13,8.27],"Polygon":[270.4,275.47,276.53,275.47,276.53,283.73,270.4,283.73],"IndexInText":1783,"OcrConfidence":1.0,"Text":"9","VisualLineNumber":18,"TextType":"Unknown"},{"Box":[275.47,278.67,4.53,8.27],"Polygon":[278.67,275.47,283.2,275.47,283.2,283.73,278.67,283.73],"IndexInText":1785,"OcrConfidence":1.0,"Text":"1","VisualLineNumber":18,"TextType":"Unknown"},{"Box":[275.47,314.4,5.87,8.27],"Polygon":[314.4,275.47,320.27,275.47,320.27,283.73,314.4,283.73],"IndexInText":1787,"OcrConfidence":1.0,"Text":"4","VisualLineNumber":18,"TextType":"Unknown"},{"Box":[275.47,322.67,4.27,8.27],"Polygon":[322.67,275.47,326.93,275.47,326.93,283.73,322.67,283.73],"IndexInText":1789,"OcrConfidence":1.0,"Text":"1","VisualLineNumber":18,"TextType":"Unknown"},{"Box":[276.0,329.6,5.07,7.47],"Polygon":[329.6,276.0,334.67,276.0,334.67,283.47,329.6,283.47],"IndexInText":1791,"OcrConfidence":1.0,"Text":"5","VisualLineNumber":18,"TextType":"Unknown"},{"Box":[275.47,371.47,4.53,8.27],"Polygon":[371.47,275.47,376.0,275.47,376.0,283.73,371.47,283.73],"IndexInText":1793,"OcrConfidence":1.0,"Text":"1","VisualLineNumber":18,"TextType":"Unknown"},{"Box":[275.2,380.53,5.87,8.27],"Polygon":[380.53,275.2,386.4,275.2,386.4,283.47,380.53,283.47],"IndexInText":1795,"OcrConfidence":1.0,"Text":"6","VisualLineNumber":18,"TextType":"Unknown"},{"Box":[275.2,392.8,6.13,8.27],"Polygon":[392.8,275.2,398.93,275.2,398.93,283.47,392.8,283.47],"IndexInText":1797,"OcrConfidence":1.0,"Text":"6","VisualLineNumber":18,"TextType":"Unknown"}]},{"IndexInText":1905,"Length":166,"Type":"TableRowEnd","Words":[{"Box":[288.8,62.4,4.8,5.87],"Polygon":[62.4,288.8,67.2,288.8,67.2,294.67,62.4,294.67],"IndexInText":1905,"OcrConfidence":1.0,"Text":"7","VisualLineNumber":19,"TextType":"Unknown"},{"Box":[288.53,71.73,22.67,7.47],"Polygon":[71.73,288.53,94.4,288.53,94.4,296.0,71.73,296.0],"IndexInText":1907,"OcrConfidence":1.0,"Text":"Payor's","VisualLineNumber":19,"TextType":"Unknown"},{"Box":[288.8,95.47,18.4,5.87],"Polygon":[95.47,288.8,113.87,288.8,113.87,294.67,95.47,294.67],"IndexInText":1915,"OcrConfidence":1.0,"Text":"Name","VisualLineNumber":19,"TextType":"Unknown"},{"Box":[288.53,114.67,15.73,7.2],"Polygon":[114.67,288.53,130.4,288.53,130.4,295.73,114.67,295.73],"IndexInText":1920,"OcrConfidence":1.0,"Text":"(Last","VisualLineNumber":19,"TextType":"Unknown"},{"Box":[288.53,130.93,19.2,6.67],"Polygon":[130.93,288.53,150.13,288.53,150.13,295.2,130.93,295.2],"IndexInText":1926,"OcrConfidence":1.0,"Text":"Name,","VisualLineNumber":19,"TextType":"Unknown"},{"Box":[288.53,151.73,13.87,6.13],"Polygon":[151.73,288.53,165.6,288.53,165.6,294.67,151.73,294.67],"IndexInText":1932,"OcrConfidence":1.0,"Text":"First","VisualLineNumber":19,"TextType":"Unknown"},{"Box":[288.8,166.4,18.93,6.4],"Polygon":[166.4,288.8,185.33,288.8,185.33,295.2,166.4,295.2],"IndexInText":1938,"OcrConfidence":1.0,"Text":"Name,","VisualLineNumber":19,"TextType":"Unknown"},{"Box":[288.27,187.2,19.73,6.4],"Polygon":[187.2,288.27,206.93,288.27,206.93,294.67,187.2,294.67],"IndexInText":1944,"OcrConfidence":1.0,"Text":"Middle","VisualLineNumber":19,"TextType":"Unknown"},{"Box":[288.53,207.73,18.13,6.13],"Polygon":[207.73,288.53,225.87,288.53,225.87,294.67,207.73,294.67],"IndexInText":1951,"OcrConfidence":1.0,"Text":"Name","VisualLineNumber":19,"TextType":"Unknown"},{"Box":[288.53,226.67,9.33,5.87],"Polygon":[226.67,288.53,236.0,288.53,236.0,294.4,226.67,294.4],"IndexInText":1956,"OcrConfidence":1.0,"Text":"for","VisualLineNumber":19,"TextType":"Unknown"},{"Box":[288.27,236.27,28.53,6.13],"Polygon":[236.27,288.27,264.8,288.27,264.8,294.4,236.27,294.4],"IndexInText":1960,"OcrConfidence":0.98999995,"Text":"Individual","VisualLineNumber":19,"TextType":"Unknown"},{"Box":[288.27,265.07,10.67,6.13],"Polygon":[265.07,288.27,275.73,288.27,275.73,294.4,265.07,294.4],"IndexInText":1971,"OcrConfidence":1.0,"Text":"OR","VisualLineNumber":19,"TextType":"Unknown"},{"Box":[288.0,276.53,32.27,7.73],"Polygon":[276.53,288.0,308.8,288.0,308.8,295.73,276.53,295.73],"IndexInText":1974,"OcrConfidence":1.0,"Text":"Registered","VisualLineNumber":19,"TextType":"Unknown"},{"Box":[288.27,309.6,18.13,6.13],"Polygon":[309.6,288.27,327.73,288.27,327.73,294.4,309.6,294.4],"IndexInText":1985,"OcrConfidence":1.0,"Text":"Name","VisualLineNumber":19,"TextType":"Unknown"},{"Box":[288.27,328.27,9.87,6.13],"Polygon":[328.27,288.27,338.13,288.27,338.13,294.4,328.27,294.4],"IndexInText":1990,"OcrConfidence":1.0,"Text":"for","VisualLineNumber":19,"TextType":"Unknown"},{"Box":[288.0,338.4,43.47,7.2],"Polygon":[338.4,288.0,381.87,288.0,381.87,295.2,338.4,295.2],"IndexInText":1994,"OcrConfidence":0.91999996,"Text":"Non-Individual)","VisualLineNumber":19,"TextType":"Unknown"},{"Box":[300.53,76.8,71.47,8.0],"Polygon":[76.8,300.53,148.27,300.53,148.27,308.53,76.8,308.53],"IndexInText":2010,"OcrConfidence":1.0,"Text":"NIA-REGIONAL","VisualLineNumber":20,"TextType":"Unknown"},{"Box":[300.53,150.4,33.6,8.0],"Polygon":[150.4,300.53,184.0,300.53,184.0,308.53,150.4,308.53],"IndexInText":2023,"OcrConfidence":1.0,"Text":"OFFICE","VisualLineNumber":20,"TextType":"Unknown"},{"Box":[300.27,186.13,17.07,8.27],"Polygon":[186.13,300.27,203.2,300.27,203.2,308.53,186.13,308.53],"IndexInText":2030,"OcrConfidence":0.98999995,"Text":"NO.","VisualLineNumber":20,"TextType":"Unknown"},{"Box":[300.27,205.33,20.27,8.27],"Polygon":[205.33,300.27,225.6,300.27,225.6,308.53,205.33,308.53],"IndexInText":2034,"OcrConfidence":1.0,"Text":"IV-B","VisualLineNumber":20,"TextType":"Unknown"},{"Box":[315.73,62.67,4.53,6.13],"Polygon":[62.67,315.73,67.2,315.73,67.2,321.87,62.67,321.87],"IndexInText":2039,"OcrConfidence":1.0,"Text":"8","VisualLineNumber":21,"TextType":"Unknown"},{"Box":[315.73,72.27,31.47,7.47],"Polygon":[72.27,315.73,103.73,315.73,103.73,323.2,72.27,323.2],"IndexInText":2041,"OcrConfidence":1.0,"Text":"Registered","VisualLineNumber":21,"TextType":"Unknown"},{"Box":[315.73,104.53,24.8,6.13],"Polygon":[104.53,315.73,129.33,315.73,129.33,321.87,104.53,321.87],"IndexInText":2052,"OcrConfidence":1.0,"Text":"Address","VisualLineNumber":21,"TextType":"Unknown"},{"Box":[315.2,506.67,9.6,6.13],"Polygon":[506.67,315.2,516.27,315.2,516.27,321.33,506.67,321.33],"IndexInText":2060,"OcrConfidence":1.0,"Text":"8A","VisualLineNumber":21,"TextType":"Unknown"},{"Box":[314.93,518.4,11.2,6.13],"Polygon":[518.4,314.93,529.6,314.93,529.6,321.07,518.4,321.07],"IndexInText":2063,"OcrConfidence":1.0,"Text":"ZIP","VisualLineNumber":21,"TextType":"Unknown"},{"Box":[314.93,530.4,16.27,6.13],"Polygon":[530.4,314.93,546.67,314.93,546.67,321.07,530.4,321.07],"IndexInText":2067,"OcrConfidence":1.0,"Text":"Code","VisualLineNumber":21,"TextType":"Unknown"}]},{"IndexInText":2072,"Length":50,"Type":"TableRowEnd","Words":[{"Box":[327.47,78.13,48.53,8.53],"Polygon":[78.13,327.47,126.67,327.47,126.67,336.0,78.13,336.0],"IndexInText":2072,"OcrConfidence":1.0,"Text":"BAYANAN","VisualLineNumber":22,"TextType":"Unknown"},{"Box":[327.47,129.07,9.33,9.6],"Polygon":[129.07,327.47,138.4,327.47,138.4,337.07,129.07,337.07],"IndexInText":2080,"OcrConfidence":1.0,"Text":"II,","VisualLineNumber":22,"TextType":"Unknown"},{"Box":[327.2,140.53,46.13,8.53],"Polygon":[140.53,327.2,186.67,327.2,186.67,335.73,140.53,335.73],"IndexInText":2084,"OcrConfidence":1.0,"Text":"CALAPAN","VisualLineNumber":22,"TextType":"Unknown"},{"Box":[327.47,188.8,26.4,9.6],"Polygon":[188.8,327.47,215.2,327.47,215.2,337.07,188.8,337.07],"IndexInText":2092,"OcrConfidence":1.0,"Text":"CITY,","VisualLineNumber":22,"TextType":"Unknown"},{"Box":[327.47,216.53,49.07,8.27],"Polygon":[216.53,327.47,265.6,327.47,265.6,335.73,216.53,335.73],"IndexInText":2098,"OcrConfidence":1.0,"Text":"ORIENTAL","VisualLineNumber":22,"TextType":"Unknown"},{"Box":[327.2,267.73,47.2,8.27],"Polygon":[267.73,327.2,314.93,327.2,314.93,335.47,267.73,335.47],"IndexInText":2107,"OcrConfidence":1.0,"Text":"MINDORO","VisualLineNumber":22,"TextType":"Unknown"},{"Box":[326.93,512.8,5.33,7.73],"Polygon":[512.8,326.93,518.13,326.93,518.13,334.67,512.8,334.67],"IndexInText":2115,"OcrConfidence":1.0,"Text":"5","VisualLineNumber":22,"TextType":"Unknown"},{"Box":[326.93,520.0,5.87,8.27],"Polygon":[520.0,326.93,525.87,326.93,525.87,335.2,520.0,335.2],"IndexInText":2117,"OcrConfidence":1.0,"Text":"2","VisualLineNumber":22,"TextType":"Unknown"},{"Box":[326.93,527.2,5.87,8.0],"Polygon":[527.2,326.93,533.07,326.93,533.07,334.93,527.2,334.93],"IndexInText":2119,"OcrConfidence":1.0,"Text":"0","VisualLineNumber":22,"TextType":"Unknown"},{"Box":[326.67,534.67,5.6,8.27],"Polygon":[534.67,326.67,540.27,326.67,540.27,334.93,534.67,334.93],"IndexInText":2121,"OcrConfidence":1.0,"Text":"0","VisualLineNumber":22,"TextType":"Unknown"}]},{"IndexInText":2239,"Length":64,"Type":"TableRowEnd","Words":[{"Box":[342.4,204.0,13.87,6.13],"Polygon":[204.0,342.4,217.87,342.4,217.87,348.53,204.0,348.53],"IndexInText":2239,"OcrConfidence":1.0,"Text":"Part","VisualLineNumber":23,"TextType":"Unknown"},{"Box":[342.4,218.67,6.4,6.13],"Polygon":[218.67,342.4,225.07,342.4,225.07,348.53,218.67,348.53],"IndexInText":2244,"OcrConfidence":0.37,"Text":"III","VisualLineNumber":23,"TextType":"Unknown"},{"Box":[343.2,225.87,5.07,5.33],"Polygon":[225.87,343.2,230.93,343.2,230.93,348.53,225.87,348.53],"IndexInText":2248,"OcrConfidence":0.96999997,"Text":"-","VisualLineNumber":23,"TextType":"Unknown"},{"Box":[342.13,231.73,21.87,6.4],"Polygon":[231.73,342.13,253.6,342.13,253.6,348.53,231.73,348.53],"IndexInText":2250,"OcrConfidence":1.0,"Text":"Details","VisualLineNumber":23,"TextType":"Unknown"},{"Box":[342.4,254.93,7.47,6.13],"Polygon":[254.93,342.4,262.4,342.4,262.4,348.53,254.93,348.53],"IndexInText":2258,"OcrConfidence":1.0,"Text":"of","VisualLineNumber":23,"TextType":"Unknown"},{"Box":[342.13,263.2,25.87,7.47],"Polygon":[263.2,342.13,289.07,342.13,289.07,349.6,263.2,349.6],"IndexInText":2261,"OcrConfidence":1.0,"Text":"Monthly","VisualLineNumber":23,"TextType":"Unknown"},{"Box":[342.4,289.6,24.27,5.87],"Polygon":[289.6,342.4,313.87,342.4,313.87,348.27,289.6,348.27],"IndexInText":2269,"OcrConfidence":1.0,"Text":"Income","VisualLineNumber":23,"TextType":"Unknown"},{"Box":[342.4,314.93,31.2,7.2],"Polygon":[314.93,342.4,346.13,342.4,346.13,349.6,314.93,349.6],"IndexInText":2276,"OcrConfidence":1.0,"Text":"Payments","VisualLineNumber":23,"TextType":"Unknown"},{"Box":[342.13,347.2,12.27,6.13],"Polygon":[347.2,342.13,359.47,342.13,359.47,348.27,347.2,348.27],"IndexInText":2285,"OcrConfidence":1.0,"Text":"and","VisualLineNumber":23,"TextType":"Unknown"},{"Box":[342.13,360.53,19.2,5.87],"Polygon":[360.53,342.13,379.73,342.13,379.73,348.0,360.53,348.0],"IndexInText":2289,"OcrConfidence":1.0,"Text":"Taxes","VisualLineNumber":23,"TextType":"Unknown"},{"Box":[341.87,380.27,28.8,6.4],"Polygon":[380.27,341.87,409.07,341.87,409.07,348.27,380.27,348.27],"IndexInText":2295,"OcrConfidence":1.0,"Text":"Withheld","VisualLineNumber":23,"TextType":"Unknown"}]},{"IndexInText":2406,"Length":46,"Type":"TableRowEnd","Words":[{"Box":[351.47,302.13,30.13,5.87],"Polygon":[302.13,351.47,332.27,351.47,332.27,357.33,302.13,357.33],"IndexInText":2406,"OcrConfidence":1.0,"Text":"AMOUNT","VisualLineNumber":24,"TextType":"Unknown"},{"Box":[351.47,333.33,9.6,5.87],"Polygon":[333.33,351.47,342.93,351.47,342.93,357.33,333.33,357.33],"IndexInText":2413,"OcrConfidence":1.0,"Text":"OF","VisualLineNumber":24,"TextType":"Unknown"},{"Box":[351.2,344.53,26.67,6.13],"Polygon":[344.53,351.2,371.2,351.2,371.2,357.33,344.53,357.33],"IndexInText":2416,"OcrConfidence":1.0,"Text":"INCOME","VisualLineNumber":24,"TextType":"Unknown"},{"Box":[351.2,372.27,36.8,6.4],"Polygon":[372.27,351.2,409.07,351.2,409.07,357.6,372.27,357.6],"IndexInText":2423,"OcrConfidence":1.0,"Text":"PAYMENTS","VisualLineNumber":24,"TextType":"Unknown"},{"Box":[355.73,485.07,12.53,6.13],"Polygon":[485.07,355.73,497.6,355.73,497.6,361.87,485.07,361.87],"IndexInText":2432,"OcrConfidence":1.0,"Text":"Tax","VisualLineNumber":25,"TextType":"Unknown"},{"Box":[355.73,498.13,28.53,6.13],"Polygon":[498.13,355.73,526.67,355.73,526.67,361.87,498.13,361.87],"IndexInText":2436,"OcrConfidence":1.0,"Text":"Withheld","VisualLineNumber":25,"TextType":"Unknown"},{"Box":[356.0,528.0,9.87,5.87],"Polygon":[528.0,356.0,537.87,356.0,537.87,361.87,528.0,361.87],"IndexInText":2445,"OcrConfidence":1.0,"Text":"for","VisualLineNumber":25,"TextType":"Unknown"},{"Box":[355.73,538.4,11.2,6.13],"Polygon":[538.4,355.73,549.6,355.73,549.6,361.87,538.4,361.87],"IndexInText":2449,"OcrConfidence":1.0,"Text":"the","VisualLineNumber":25,"TextType":"Unknown"}]},{"IndexInText":2573,"Length":144,"Type":"TableRowEnd","Words":[{"Box":[356.53,65.07,24.0,6.13],"Polygon":[65.07,356.53,89.07,356.53,89.07,362.67,65.07,362.67],"IndexInText":2573,"OcrConfidence":1.0,"Text":"Income","VisualLineNumber":25,"TextType":"Unknown"},{"Box":[356.53,90.4,31.2,7.2],"Polygon":[90.4,356.53,121.6,356.53,121.6,363.73,90.4,363.73],"IndexInText":2580,"OcrConfidence":1.0,"Text":"Payments","VisualLineNumber":25,"TextType":"Unknown"},{"Box":[356.27,122.67,24.8,7.47],"Polygon":[122.67,356.27,147.47,356.27,147.47,363.73,122.67,363.73],"IndexInText":2589,"OcrConfidence":0.98999995,"Text":"Subject","VisualLineNumber":25,"TextType":"Unknown"},{"Box":[356.53,147.73,7.47,5.87],"Polygon":[147.73,356.53,155.2,356.53,155.2,362.4,147.73,362.4],"IndexInText":2597,"OcrConfidence":1.0,"Text":"to","VisualLineNumber":25,"TextType":"Unknown"},{"Box":[356.0,156.27,31.47,8.0],"Polygon":[156.27,356.0,187.73,356.0,187.73,364.0,156.27,364.0],"IndexInText":2600,"OcrConfidence":1.0,"Text":"Expanded","VisualLineNumber":25,"TextType":"Unknown"},{"Box":[360.27,205.6,14.4,6.13],"Polygon":[205.6,360.27,220.0,360.27,220.0,366.4,205.6,366.4],"IndexInText":2609,"OcrConfidence":1.0,"Text":"ATC","VisualLineNumber":26,"TextType":"Unknown"},{"Box":[360.53,236.53,10.4,6.13],"Polygon":[236.53,360.53,246.93,360.53,246.93,366.67,236.53,366.67],"IndexInText":2613,"OcrConfidence":1.0,"Text":"1st","VisualLineNumber":26,"TextType":"Unknown"},{"Box":[360.53,248.0,20.27,6.13],"Polygon":[248.0,360.53,268.27,360.53,268.27,366.67,248.0,366.67],"IndexInText":2617,"OcrConfidence":1.0,"Text":"Month","VisualLineNumber":26,"TextType":"Unknown"},{"Box":[360.8,269.33,7.47,5.87],"Polygon":[269.33,360.8,276.8,360.8,276.8,366.67,269.33,366.67],"IndexInText":2623,"OcrConfidence":1.0,"Text":"of","VisualLineNumber":26,"TextType":"Unknown"},{"Box":[360.53,277.33,10.93,6.13],"Polygon":[277.33,360.53,288.27,360.53,288.27,366.67,277.33,366.67],"IndexInText":2626,"OcrConfidence":1.0,"Text":"the","VisualLineNumber":26,"TextType":"Unknown"},{"Box":[360.53,298.13,12.27,6.13],"Polygon":[298.13,360.53,310.4,360.53,310.4,366.67,298.13,366.67],"IndexInText":2630,"OcrConfidence":1.0,"Text":"2nd","VisualLineNumber":26,"TextType":"Unknown"},{"Box":[360.53,311.73,20.27,6.13],"Polygon":[311.73,360.53,332.0,360.53,332.0,366.67,311.73,366.67],"IndexInText":2634,"OcrConfidence":1.0,"Text":"Month","VisualLineNumber":26,"TextType":"Unknown"},{"Box":[360.53,333.07,7.47,5.87],"Polygon":[333.07,360.53,340.53,360.53,340.53,366.4,333.07,366.4],"IndexInText":2640,"OcrConfidence":1.0,"Text":"of","VisualLineNumber":26,"TextType":"Unknown"},{"Box":[360.53,341.33,10.67,5.87],"Polygon":[341.33,360.53,352.0,360.53,352.0,366.4,341.33,366.4],"IndexInText":2643,"OcrConfidence":1.0,"Text":"the","VisualLineNumber":26,"TextType":"Unknown"},{"Box":[360.53,361.6,10.67,5.87],"Polygon":[361.6,360.53,372.27,360.53,372.27,366.4,361.6,366.4],"IndexInText":2647,"OcrConfidence":1.0,"Text":"3rd","VisualLineNumber":26,"TextType":"Unknown"},{"Box":[360.27,374.13,20.0,6.13],"Polygon":[374.13,360.27,394.13,360.27,394.13,366.4,374.13,366.4],"IndexInText":2651,"OcrConfidence":1.0,"Text":"Month","VisualLineNumber":26,"TextType":"Unknown"},{"Box":[360.53,394.93,8.0,5.87],"Polygon":[394.93,360.53,402.93,360.53,402.93,366.4,394.93,366.4],"IndexInText":2657,"OcrConfidence":1.0,"Text":"of","VisualLineNumber":26,"TextType":"Unknown"},{"Box":[360.53,402.93,11.47,6.13],"Polygon":[402.93,360.53,414.4,360.53,414.4,366.67,402.93,366.67],"IndexInText":2660,"OcrConfidence":1.0,"Text":"the","VisualLineNumber":26,"TextType":"Unknown"},{"Box":[364.53,100.8,38.4,7.47],"Polygon":[100.8,364.53,139.2,364.53,139.2,372.0,100.8,372.0],"IndexInText":2664,"OcrConfidence":0.88,"Text":"Withholding","VisualLineNumber":27,"TextType":"Unknown"},{"Box":[364.53,140.0,12.53,6.13],"Polygon":[140.0,364.53,152.53,364.53,152.53,370.67,140.0,370.67],"IndexInText":2676,"OcrConfidence":1.0,"Text":"Tax","VisualLineNumber":27,"TextType":"Unknown"},{"Box":[364.53,441.07,16.53,5.87],"Polygon":[441.07,364.53,457.6,364.53,457.6,370.4,441.07,370.4],"IndexInText":2680,"OcrConfidence":1.0,"Text":"Total","VisualLineNumber":27,"TextType":"Unknown"},{"Box":[364.0,505.07,25.07,6.13],"Polygon":[505.07,364.0,530.13,364.0,530.13,370.13,505.07,370.13],"IndexInText":2686,"OcrConfidence":1.0,"Text":"Quarter","VisualLineNumber":27,"TextType":"Unknown"},{"Box":[368.8,250.4,24.27,6.4],"Polygon":[250.4,368.8,274.67,368.8,274.67,375.2,250.4,375.2],"IndexInText":2694,"OcrConfidence":1.0,"Text":"Quarter","VisualLineNumber":28,"TextType":"Unknown"},{"Box":[368.8,312.8,24.8,6.4],"Polygon":[312.8,368.8,337.6,368.8,337.6,375.2,312.8,375.2],"IndexInText":2702,"OcrConfidence":1.0,"Text":"Quarter","VisualLineNumber":28,"TextType":"Unknown"},{"Box":[368.53,375.73,24.8,6.4],"Polygon":[375.73,368.53,400.53,368.53,400.53,374.93,375.73,374.93],"IndexInText":2710,"OcrConfidence":1.0,"Text":"Quarter","VisualLineNumber":28,"TextType":"Unknown"}]},{"IndexInText":2740,"Length":51,"Type":"TableRowEnd","Words":[{"Box":[378.67,82.93,13.33,5.6],"Polygon":[82.93,378.67,96.27,378.67,96.27,384.27,82.93,384.27],"IndexInText":2740,"OcrConfidence":1.0,"Text":"VAT","VisualLineNumber":29,"TextType":"Unknown"},{"Box":[378.67,97.6,35.2,7.2],"Polygon":[97.6,378.67,132.8,378.67,132.8,385.87,97.6,385.87],"IndexInText":2744,"OcrConfidence":1.0,"Text":"Withholding","VisualLineNumber":29,"TextType":"Unknown"},{"Box":[379.73,134.13,7.73,5.07],"Polygon":[134.13,379.73,141.87,379.73,141.87,384.8,134.13,384.8],"IndexInText":2756,"OcrConfidence":1.0,"Text":"on","VisualLineNumber":29,"TextType":"Unknown"},{"Box":[378.67,143.2,27.2,7.2],"Polygon":[143.2,378.67,170.4,378.67,170.4,385.87,143.2,385.87],"IndexInText":2759,"OcrConfidence":1.0,"Text":"purchase","VisualLineNumber":29,"TextType":"Unknown"},{"Box":[378.4,200.53,12.27,5.6],"Polygon":[200.53,378.4,212.8,378.4,212.8,384.0,200.53,384.0],"IndexInText":2768,"OcrConfidence":0.98999995,"Text":"WC","VisualLineNumber":29,"TextType":"Unknown"},{"Box":[378.4,213.87,11.47,5.6],"Polygon":[213.87,378.4,225.33,378.4,225.33,384.0,213.87,384.0],"IndexInText":2771,"OcrConfidence":1.0,"Text":"640","VisualLineNumber":29,"TextType":"Unknown"},{"Box":[377.6,447.2,29.6,6.93],"Polygon":[447.2,377.6,476.8,377.6,476.8,384.53,447.2,384.53],"IndexInText":2775,"OcrConfidence":1.0,"Text":"63,561.40","VisualLineNumber":29,"TextType":"Unknown"},{"Box":[377.6,530.4,19.73,6.13],"Polygon":[530.4,377.6,550.13,377.6,550.13,383.73,530.4,383.73],"IndexInText":2785,"OcrConfidence":1.0,"Text":"635.61","VisualLineNumber":29,"TextType":"Unknown"}]},{"IndexInText":2907,"Length":25,"Type":"TableRowEnd","Words":[{"Box":[387.73,90.13,6.67,5.6],"Polygon":[90.13,387.73,96.8,387.73,96.8,393.33,90.13,393.33],"IndexInText":2907,"OcrConfidence":1.0,"Text":"of","VisualLineNumber":30,"TextType":"Unknown"},{"Box":[387.73,97.6,18.13,6.93],"Polygon":[97.6,387.73,115.73,387.73,115.73,394.67,97.6,394.67],"IndexInText":2910,"OcrConfidence":1.0,"Text":"goods","VisualLineNumber":30,"TextType":"Unknown"},{"Box":[387.47,117.07,12.0,7.2],"Polygon":[117.07,387.47,129.07,387.47,129.07,394.67,117.07,394.67],"IndexInText":2916,"OcrConfidence":1.0,"Text":"(net","VisualLineNumber":30,"TextType":"Unknown"},{"Box":[387.47,130.13,6.67,6.13],"Polygon":[130.13,387.47,136.8,387.47,136.8,393.6,130.13,393.6],"IndexInText":2921,"OcrConfidence":1.0,"Text":"of","VisualLineNumber":30,"TextType":"Unknown"},{"Box":[387.47,137.87,13.07,6.13],"Polygon":[137.87,387.47,150.93,387.47,150.93,393.6,137.87,393.6],"IndexInText":2924,"OcrConfidence":1.0,"Text":"12%","VisualLineNumber":30,"TextType":"Unknown"},{"Box":[387.47,151.73,12.27,6.93],"Polygon":[151.73,387.47,164.0,387.47,164.0,394.4,151.73,394.4],"IndexInText":2928,"OcrConfidence":1.0,"Text":"tax)","VisualLineNumber":30,"TextType":"Unknown"}]},{"IndexInText":3074,"Length":12,"Type":"TableRowEnd","Words":[{"Box":[468.53,59.47,16.53,6.13],"Polygon":[59.47,468.53,76.0,468.53,76.0,474.67,59.47,474.67],"IndexInText":3074,"OcrConfidence":1.0,"Text":"Total","VisualLineNumber":31,"TextType":"Unknown"},{"Box":[468.0,530.4,20.0,6.13],"Polygon":[530.4,468.0,550.4,468.0,550.4,474.13,530.4,474.13],"IndexInText":3080,"OcrConfidence":1.0,"Text":"635.61","VisualLineNumber":31,"TextType":"Unknown"}]},{"IndexInText":3241,"Length":76,"Type":"TableRowEnd","Words":[{"Box":[477.87,63.47,21.33,7.47],"Polygon":[63.47,477.87,84.8,477.87,84.8,485.33,63.47,485.33],"IndexInText":3241,"OcrConfidence":1.0,"Text":"Money","VisualLineNumber":32,"TextType":"Unknown"},{"Box":[477.87,85.87,31.2,7.47],"Polygon":[85.87,477.87,117.07,477.87,117.07,485.33,85.87,485.33],"IndexInText":3247,"OcrConfidence":1.0,"Text":"Payments","VisualLineNumber":32,"TextType":"Unknown"},{"Box":[477.6,118.13,24.27,7.73],"Polygon":[118.13,477.6,142.4,477.6,142.4,485.33,118.13,485.33],"IndexInText":3256,"OcrConfidence":1.0,"Text":"Subject","VisualLineNumber":32,"TextType":"Unknown"},{"Box":[478.4,143.2,7.47,5.33],"Polygon":[143.2,478.4,150.67,478.4,150.67,483.73,143.2,483.73],"IndexInText":3264,"OcrConfidence":1.0,"Text":"to","VisualLineNumber":32,"TextType":"Unknown"},{"Box":[477.6,151.47,38.13,7.73],"Polygon":[151.47,477.6,189.6,477.6,189.6,485.33,151.47,485.33],"IndexInText":3267,"OcrConfidence":1.0,"Text":"Withholding","VisualLineNumber":32,"TextType":"Unknown"},{"Box":[486.4,63.73,7.47,5.87],"Polygon":[63.73,486.4,71.2,486.4,71.2,492.27,63.73,492.27],"IndexInText":3279,"OcrConfidence":1.0,"Text":"of","VisualLineNumber":33,"TextType":"Unknown"},{"Box":[486.4,72.0,29.33,5.87],"Polygon":[72.0,486.4,101.33,486.4,101.33,492.27,72.0,492.27],"IndexInText":3282,"OcrConfidence":1.0,"Text":"Business","VisualLineNumber":33,"TextType":"Unknown"},{"Box":[486.4,102.4,12.0,6.13],"Polygon":[102.4,486.4,114.4,486.4,114.4,492.53,102.4,492.53],"IndexInText":3291,"OcrConfidence":1.0,"Text":"Tax","VisualLineNumber":33,"TextType":"Unknown"},{"Box":[486.13,115.2,42.13,7.47],"Polygon":[115.2,486.13,157.33,486.13,157.33,493.6,115.2,493.6],"IndexInText":3295,"OcrConfidence":1.0,"Text":"(Government","VisualLineNumber":33,"TextType":"Unknown"},{"Box":[486.4,157.87,5.87,5.87],"Polygon":[157.87,486.4,163.73,486.4,163.73,492.27,157.87,492.27],"IndexInText":3307,"OcrConfidence":1.0,"Text":"&","VisualLineNumber":33,"TextType":"Unknown"},{"Box":[486.4,164.8,24.53,6.93],"Polygon":[164.8,486.4,189.33,486.4,189.33,493.33,164.8,493.33],"IndexInText":3309,"OcrConfidence":1.0,"Text":"Private)","VisualLineNumber":33,"TextType":"Unknown"}]},{"IndexInText":3408,"Length":5,"Type":"TableRowEnd","Words":[{"Box":[585.6,59.47,16.53,6.13],"Polygon":[59.47,585.6,76.0,585.6,76.0,591.73,59.47,591.73],"IndexInText":3408,"OcrConfidence":1.0,"Text":"Total","VisualLineNumber":34,"TextType":"Unknown"}]},{"IndexInText":3575,"Length":134,"Type":"TableRowEnd","Words":[{"Box":[594.67,72.53,11.2,6.13],"Polygon":[72.53,594.67,83.73,594.67,83.73,600.8,72.53,600.8],"IndexInText":3575,"OcrConfidence":1.0,"Text":"We","VisualLineNumber":35,"TextType":"Unknown"},{"Box":[594.67,84.8,21.87,6.13],"Polygon":[84.8,594.67,106.67,594.67,106.67,600.8,84.8,600.8],"IndexInText":3578,"OcrConfidence":1.0,"Text":"declare","VisualLineNumber":35,"TextType":"Unknown"},{"Box":[594.4,108.0,17.07,6.13],"Polygon":[108.0,594.4,125.07,594.4,125.07,600.53,108.0,600.53],"IndexInText":3586,"OcrConfidence":1.0,"Text":"under","VisualLineNumber":35,"TextType":"Unknown"},{"Box":[594.67,125.6,10.67,6.13],"Polygon":[125.6,594.67,136.27,594.67,136.27,600.8,125.6,600.8],"IndexInText":3592,"OcrConfidence":1.0,"Text":"the","VisualLineNumber":35,"TextType":"Unknown"},{"Box":[594.67,164.53,6.93,5.87],"Polygon":[164.53,594.67,171.47,594.67,171.47,600.53,164.53,600.53],"IndexInText":3596,"OcrConfidence":1.0,"Text":"of","VisualLineNumber":35,"TextType":"Unknown"},{"Box":[594.67,193.33,12.53,5.87],"Polygon":[193.33,594.67,205.87,594.67,205.87,600.53,193.33,600.53],"IndexInText":3599,"OcrConfidence":1.0,"Text":"that","VisualLineNumber":35,"TextType":"Unknown"},{"Box":[594.67,206.4,11.47,5.87],"Polygon":[206.4,594.67,217.87,594.67,217.87,600.53,206.4,600.53],"IndexInText":3604,"OcrConfidence":1.0,"Text":"this","VisualLineNumber":35,"TextType":"Unknown"},{"Box":[594.93,218.93,28.8,5.6],"Polygon":[218.93,594.93,247.73,594.93,247.73,600.53,218.93,600.53],"IndexInText":3609,"OcrConfidence":1.0,"Text":"certificate","VisualLineNumber":35,"TextType":"Unknown"},{"Box":[594.67,248.53,11.47,5.87],"Polygon":[248.53,594.67,260.0,594.67,260.0,600.53,248.53,600.53],"IndexInText":3621,"OcrConfidence":1.0,"Text":"has","VisualLineNumber":35,"TextType":"Unknown"},{"Box":[594.67,261.33,14.67,5.87],"Polygon":[261.33,594.67,276.0,594.67,276.0,600.53,261.33,600.53],"IndexInText":3625,"OcrConfidence":1.0,"Text":"been","VisualLineNumber":35,"TextType":"Unknown"},{"Box":[594.67,277.07,22.13,6.13],"Polygon":[277.07,594.67,299.2,594.67,299.2,600.8,277.07,600.8],"IndexInText":3630,"OcrConfidence":0.17,"Text":"madem","VisualLineNumber":35,"TextType":"Unknown"},{"Box":[594.4,301.87,15.47,6.13],"Polygon":[301.87,594.4,317.33,594.4,317.33,600.53,301.87,600.53],"IndexInText":3636,"OcrConfidence":0.47,"Text":"ceod","VisualLineNumber":35,"TextType":"Unknown"},{"Box":[594.4,318.4,14.93,6.93],"Polygon":[318.4,594.4,333.33,594.4,333.33,601.33,318.4,601.33],"IndexInText":3641,"OcrConfidence":0.98999995,"Text":"faith,","VisualLineNumber":35,"TextType":"Unknown"},{"Box":[594.4,334.4,21.87,6.13],"Polygon":[334.4,594.4,356.27,594.4,356.27,600.53,334.4,600.53],"IndexInText":3648,"OcrConfidence":1.0,"Text":"verified","VisualLineNumber":35,"TextType":"Unknown"},{"Box":[594.4,376.8,11.47,5.87],"Polygon":[376.8,594.4,388.27,594.4,388.27,600.27,376.8,600.27],"IndexInText":3657,"OcrConfidence":1.0,"Text":"and","VisualLineNumber":35,"TextType":"Unknown"},{"Box":[594.67,389.07,6.67,5.6],"Polygon":[389.07,594.67,395.73,594.67,395.73,600.27,389.07,600.27],"IndexInText":3661,"OcrConfidence":1.0,"Text":"to","VisualLineNumber":35,"TextType":"Unknown"},{"Box":[594.4,396.53,10.4,5.87],"Polygon":[396.53,594.4,406.93,594.4,406.93,600.27,396.53,600.27],"IndexInText":3664,"OcrConfidence":1.0,"Text":"the","VisualLineNumber":35,"TextType":"Unknown"},{"Box":[594.4,408.0,13.07,5.87],"Polygon":[408.0,594.4,421.07,594.4,421.07,600.27,408.0,600.27],"IndexInText":3668,"OcrConfidence":1.0,"Text":"best","VisualLineNumber":35,"TextType":"Unknown"},{"Box":[594.4,422.13,6.67,5.87],"Polygon":[422.13,594.4,428.8,594.4,428.8,600.27,422.13,600.27],"IndexInText":3673,"OcrConfidence":1.0,"Text":"of","VisualLineNumber":35,"TextType":"Unknown"},{"Box":[594.4,440.53,31.73,6.93],"Polygon":[440.53,594.4,472.27,594.4,472.27,601.33,440.53,601.33],"IndexInText":3676,"OcrConfidence":1.0,"Text":"knowledge","VisualLineNumber":35,"TextType":"Unknown"},{"Box":[594.4,473.07,11.47,5.87],"Polygon":[473.07,594.4,484.53,594.4,484.53,600.27,473.07,600.27],"IndexInText":3686,"OcrConfidence":1.0,"Text":"and","VisualLineNumber":35,"TextType":"Unknown"},{"Box":[594.13,485.87,17.6,6.93],"Polygon":[485.87,594.13,503.47,594.13,503.47,601.07,485.87,601.07],"IndexInText":3690,"OcrConfidence":1.0,"Text":"belief,","VisualLineNumber":35,"TextType":"Unknown"},{"Box":[594.4,504.8,5.6,5.87],"Polygon":[504.8,594.4,510.4,594.4,510.4,600.27,504.8,600.27],"IndexInText":3698,"OcrConfidence":1.0,"Text":"is","VisualLineNumber":35,"TextType":"Unknown"},{"Box":[594.4,511.2,12.53,5.87],"Polygon":[511.2,594.4,523.73,594.4,523.73,600.27,511.2,600.27],"IndexInText":3701,"OcrConfidence":1.0,"Text":"true","VisualLineNumber":35,"TextType":"Unknown"},{"Box":[594.13,524.8,11.47,6.13],"Polygon":[524.8,594.13,536.27,594.13,536.27,600.27,524.8,600.27],"IndexInText":3706,"OcrConfidence":1.0,"Text":"and","VisualLineNumber":35,"TextType":"Unknown"}]},{"IndexInText":3742,"Length":3,"Type":"TableRowEnd","Words":[{"Box":[595.47,429.33,10.13,4.53],"Polygon":[429.33,595.47,439.47,595.47,439.47,600.0,429.33,600.0],"IndexInText":3742,"OcrConfidence":1.0,"Text":"our","VisualLineNumber":35,"TextType":"Unknown"}]},{"IndexInText":3909,"Length":24,"Type":"TableRowEnd","Words":[{"Box":[594.4,137.07,26.67,7.47],"Polygon":[137.07,594.4,163.73,594.4,163.73,601.87,137.07,601.87],"IndexInText":3909,"OcrConfidence":1.0,"Text":"penalties","VisualLineNumber":35,"TextType":"Unknown"},{"Box":[594.67,172.27,20.53,7.47],"Polygon":[172.27,594.67,192.8,594.67,192.8,602.13,172.27,602.13],"IndexInText":3919,"OcrConfidence":1.0,"Text":"perjury","VisualLineNumber":35,"TextType":"Unknown"},{"Box":[594.67,357.6,7.73,6.93],"Polygon":[357.6,594.67,365.33,594.67,365.33,601.6,357.6,601.6],"IndexInText":3927,"OcrConfidence":1.0,"Text":"by","VisualLineNumber":35,"TextType":"Unknown"},{"Box":[595.47,366.4,9.07,5.87],"Polygon":[366.4,595.47,375.47,595.47,375.47,601.33,366.4,601.33],"IndexInText":3930,"OcrConfidence":0.98999995,"Text":"us,","VisualLineNumber":35,"TextType":"Unknown"}]},{"IndexInText":4076,"Length":35,"Type":"TableRowEnd","Words":[{"Box":[612.8,270.4,27.73,5.87],"Polygon":[270.4,612.8,298.13,612.8,298.13,618.67,270.4,618.67],"IndexInText":4076,"OcrConfidence":1.0,"Text":"WILLIAM","VisualLineNumber":36,"TextType":"Unknown"},{"Box":[612.8,300.53,6.67,5.87],"Polygon":[300.53,612.8,307.2,612.8,307.2,618.67,300.53,618.67],"IndexInText":4084,"OcrConfidence":1.0,"Text":"P.","VisualLineNumber":36,"TextType":"Unknown"},{"Box":[612.27,308.53,34.93,6.4],"Polygon":[308.53,612.27,343.47,612.27,343.47,618.67,308.53,618.67],"IndexInText":4087,"OcrConfidence":0.96999997,"Text":"RAGODON","VisualLineNumber":36,"TextType":"Unknown"},{"Box":[621.6,272.0,33.6,6.4],"Polygon":[272.0,621.6,305.6,621.6,305.6,628.0,272.0,628.0],"IndexInText":4095,"OcrConfidence":1.0,"Text":"REGIONAL","VisualLineNumber":37,"TextType":"Unknown"},{"Box":[621.07,307.47,32.8,6.67],"Polygon":[307.47,621.07,340.27,621.07,340.27,627.73,307.47,627.73],"IndexInText":4104,"OcrConfidence":0.95,"Text":"MANAGER","VisualLineNumber":37,"TextType":"Unknown"}]},{"IndexInText":4243,"Length":117,"Type":"TableRowEnd","Words":[{"Box":[630.4,184.53,29.07,7.73],"Polygon":[184.53,630.4,213.6,630.4,213.6,638.13,184.53,638.13],"IndexInText":4243,"OcrConfidence":1.0,"Text":"Signature","VisualLineNumber":38,"TextType":"Unknown"},{"Box":[631.73,214.4,13.33,5.07],"Polygon":[214.4,631.73,227.73,631.73,227.73,636.8,214.4,636.8],"IndexInText":4253,"OcrConfidence":1.0,"Text":"over","VisualLineNumber":38,"TextType":"Unknown"},{"Box":[630.67,228.53,21.33,5.87],"Polygon":[228.53,630.67,249.87,630.67,249.87,636.53,228.53,636.53],"IndexInText":4258,"OcrConfidence":1.0,"Text":"Printed","VisualLineNumber":38,"TextType":"Unknown"},{"Box":[630.4,251.2,18.13,6.13],"Polygon":[251.2,630.4,269.33,630.4,269.33,636.53,251.2,636.53],"IndexInText":4266,"OcrConfidence":1.0,"Text":"Name","VisualLineNumber":38,"TextType":"Unknown"},{"Box":[630.4,270.4,6.67,6.13],"Polygon":[270.4,630.4,277.07,630.4,277.07,636.53,270.4,636.53],"IndexInText":4271,"OcrConfidence":1.0,"Text":"of","VisualLineNumber":38,"TextType":"Unknown"},{"Box":[630.13,277.87,40.27,7.73],"Polygon":[277.87,630.13,318.13,630.13,318.13,637.87,277.87,637.87],"IndexInText":4274,"OcrConfidence":1.0,"Text":"Payor/Payor's","VisualLineNumber":38,"TextType":"Unknown"},{"Box":[630.13,319.73,32.0,6.4],"Polygon":[319.73,630.13,351.73,630.13,351.73,636.53,319.73,636.53],"IndexInText":4288,"OcrConfidence":1.0,"Text":"Authorized","VisualLineNumber":38,"TextType":"Unknown"},{"Box":[630.13,352.8,56.53,7.2],"Polygon":[352.8,630.13,409.33,630.13,409.33,637.33,352.8,637.33],"IndexInText":4299,"OcrConfidence":0.98999995,"Text":"Representative/Tax","VisualLineNumber":38,"TextType":"Unknown"},{"Box":[630.13,410.13,18.13,7.2],"Polygon":[410.13,630.13,428.27,630.13,428.27,637.33,410.13,637.33],"IndexInText":4318,"OcrConfidence":1.0,"Text":"Agent","VisualLineNumber":38,"TextType":"Unknown"},{"Box":[639.47,256.53,25.6,7.73],"Polygon":[256.53,639.47,282.13,639.47,282.13,647.2,256.53,647.2],"IndexInText":4324,"OcrConfidence":1.0,"Text":"(Indicate","VisualLineNumber":39,"TextType":"Unknown"},{"Box":[639.2,283.73,48.0,7.73],"Polygon":[283.73,639.2,331.73,639.2,331.73,646.93,283.73,646.93],"IndexInText":4334,"OcrConfidence":0.98999995,"Text":"Title/Designation","VisualLineNumber":39,"TextType":"Unknown"},{"Box":[639.47,332.53,12.0,6.13],"Polygon":[332.53,639.47,344.53,639.47,344.53,645.6,332.53,645.6],"IndexInText":4352,"OcrConfidence":1.0,"Text":"and","VisualLineNumber":39,"TextType":"Unknown"},{"Box":[639.47,345.6,13.33,7.2],"Polygon":[345.6,639.47,358.93,639.47,358.93,646.67,345.6,646.67],"IndexInText":4356,"OcrConfidence":1.0,"Text":"TIN)","VisualLineNumber":39,"TextType":"Unknown"}]},{"IndexInText":4410,"Length":119,"Type":"TableRowEnd","Words":[{"Box":[648.8,69.6,11.2,6.13],"Polygon":[69.6,648.8,80.8,648.8,80.8,654.93,69.6,654.93],"IndexInText":4410,"OcrConfidence":1.0,"Text":"Tax","VisualLineNumber":40,"TextType":"Unknown"},{"Box":[649.07,81.07,17.33,6.67],"Polygon":[81.07,649.07,98.4,649.07,98.4,655.73,81.07,655.73],"IndexInText":4414,"OcrConfidence":1.0,"Text":"Agent","VisualLineNumber":40,"TextType":"Unknown"},{"Box":[648.8,98.67,36.0,6.13],"Polygon":[98.67,648.8,134.67,648.8,134.67,654.93,98.67,654.93],"IndexInText":4420,"OcrConfidence":1.0,"Text":"Accreditation","VisualLineNumber":40,"TextType":"Unknown"},{"Box":[648.8,135.47,12.0,5.87],"Polygon":[135.47,648.8,147.47,648.8,147.47,654.67,135.47,654.67],"IndexInText":4434,"OcrConfidence":0.89,"Text":"No./","VisualLineNumber":40,"TextType":"Unknown"},{"Box":[649.07,269.87,14.67,6.13],"Polygon":[269.87,649.07,284.53,649.07,284.53,655.2,269.87,655.2],"IndexInText":4439,"OcrConfidence":1.0,"Text":"Date","VisualLineNumber":40,"TextType":"Unknown"},{"Box":[649.07,285.33,6.93,6.13],"Polygon":[285.33,649.07,292.27,649.07,292.27,655.2,285.33,655.2],"IndexInText":4444,"OcrConfidence":1.0,"Text":"of","VisualLineNumber":40,"TextType":"Unknown"},{"Box":[649.07,292.8,16.27,6.13],"Polygon":[292.8,649.07,309.07,649.07,309.07,655.2,292.8,655.2],"IndexInText":4447,"OcrConfidence":1.0,"Text":"Issue","VisualLineNumber":40,"TextType":"Unknown"},{"Box":[648.0,417.07,14.67,6.13],"Polygon":[417.07,648.0,431.73,648.0,431.73,654.13,417.07,654.13],"IndexInText":4453,"OcrConfidence":1.0,"Text":"Date","VisualLineNumber":40,"TextType":"Unknown"},{"Box":[648.0,432.53,6.67,5.87],"Polygon":[432.53,648.0,439.2,648.0,439.2,653.87,432.53,653.87],"IndexInText":4458,"OcrConfidence":1.0,"Text":"of","VisualLineNumber":40,"TextType":"Unknown"},{"Box":[648.27,440.27,18.4,6.93],"Polygon":[440.27,648.27,458.67,648.27,458.67,655.2,440.27,655.2],"IndexInText":4461,"OcrConfidence":1.0,"Text":"Expiry","VisualLineNumber":40,"TextType":"Unknown"},{"Box":[658.13,64.0,28.0,6.93],"Polygon":[64.0,658.13,92.0,658.13,92.0,665.07,64.0,665.07],"IndexInText":4468,"OcrConfidence":0.98999995,"Text":"Attorney's","VisualLineNumber":41,"TextType":"Unknown"},{"Box":[658.13,93.33,10.93,5.87],"Polygon":[93.33,658.13,104.27,658.13,104.27,664.0,93.33,664.0],"IndexInText":4479,"OcrConfidence":1.0,"Text":"Roll","VisualLineNumber":41,"TextType":"Unknown"},{"Box":[658.13,105.07,10.13,5.6],"Polygon":[105.07,658.13,115.2,658.13,115.2,663.73,105.07,663.73],"IndexInText":4484,"OcrConfidence":1.0,"Text":"No.","VisualLineNumber":41,"TextType":"Unknown"},{"Box":[658.13,116.27,6.4,6.4],"Polygon":[116.27,658.13,122.67,658.13,122.67,664.53,116.27,664.53],"IndexInText":4488,"OcrConfidence":1.0,"Text":"(if","VisualLineNumber":41,"TextType":"Unknown"},{"Box":[657.87,122.93,29.87,6.93],"Polygon":[122.93,657.87,152.8,657.87,152.8,664.8,122.93,664.8],"IndexInText":4492,"OcrConfidence":1.0,"Text":"applicable)","VisualLineNumber":41,"TextType":"Unknown"},{"Box":[657.07,269.87,40.53,6.93],"Polygon":[269.87,657.07,310.4,657.07,310.4,664.0,269.87,664.0],"IndexInText":4504,"OcrConfidence":0.95,"Text":"(MM/DD/YYYY)","VisualLineNumber":41,"TextType":"Unknown"},{"Box":[657.07,417.33,40.53,6.67],"Polygon":[417.33,657.07,457.87,657.07,457.87,663.73,417.33,663.73],"IndexInText":4517,"OcrConfidence":0.98999995,"Text":"(MM/DD/YYYY)","VisualLineNumber":41,"TextType":"Unknown"}]},{"IndexInText":4577,"Length":9,"Type":"TableRowEnd","Words":[{"Box":[666.93,286.4,41.33,5.6],"Polygon":[286.4,666.93,327.73,666.93,327.73,672.53,286.4,672.53],"IndexInText":4577,"OcrConfidence":1.0,"Text":"CONFORME:","VisualLineNumber":42,"TextType":"Unknown"}]},{"IndexInText":4744,"Length":12,"Type":"TableRowEnd","Words":[{"Box":[678.4,252.53,37.07,39.47],"Polygon":[252.53,678.4,289.6,678.4,289.6,717.87,252.53,717.87],"IndexInText":4744,"OcrConfidence":0.0,"Text":"Setit","VisualLineNumber":43,"TextType":"Unknown"},{"Box":[678.4,302.13,37.07,39.47],"Polygon":[302.13,678.4,339.2,678.4,339.2,717.87,302.13,717.87],"IndexInText":4750,"OcrConfidence":0.04,"Text":"mn","VisualLineNumber":43,"TextType":"Unknown"},{"Box":[689.07,295.47,43.47,12.0],"Polygon":[295.47,689.07,338.93,689.07,338.93,701.07,295.47,701.07],"IndexInText":4753,"OcrConfidence":0.14,"Text":"MAm","VisualLineNumber":43,"TextType":"Unknown"}]},{"IndexInText":4911,"Length":114,"Type":"TableRowEnd","Words":[{"Box":[702.67,184.0,28.53,7.47],"Polygon":[184.0,702.67,212.53,702.67,212.53,710.13,184.0,710.13],"IndexInText":4911,"OcrConfidence":1.0,"Text":"Signature","VisualLineNumber":43,"TextType":"Unknown"},{"Box":[703.73,213.6,13.33,5.07],"Polygon":[213.6,703.73,226.93,703.73,226.93,708.8,213.6,708.8],"IndexInText":4921,"OcrConfidence":1.0,"Text":"over","VisualLineNumber":43,"TextType":"Unknown"},{"Box":[702.67,228.0,21.07,6.13],"Polygon":[228.0,702.67,249.07,702.67,249.07,708.8,228.0,708.8],"IndexInText":4926,"OcrConfidence":1.0,"Text":"Printed","VisualLineNumber":43,"TextType":"Unknown"},{"Box":[702.4,250.67,24.0,6.4],"Polygon":[250.67,702.4,274.67,702.4,274.67,708.8,250.67,708.8],"IndexInText":4934,"OcrConfidence":0.14,"Text":"Name.","VisualLineNumber":43,"TextType":"Unknown"},{"Box":[702.4,276.8,42.93,7.47],"Polygon":[276.8,702.4,319.73,702.4,319.73,709.87,276.8,709.87],"IndexInText":4940,"OcrConfidence":1.0,"Text":"Payee/Payee's","VisualLineNumber":43,"TextType":"Unknown"},{"Box":[702.13,321.07,32.0,6.4],"Polygon":[321.07,702.13,353.07,702.13,353.07,708.53,321.07,708.53],"IndexInText":4954,"OcrConfidence":1.0,"Text":"Authorized","VisualLineNumber":43,"TextType":"Unknown"},{"Box":[701.87,353.87,57.33,7.73],"Polygon":[353.87,701.87,411.2,701.87,411.2,709.6,353.87,709.6],"IndexInText":4965,"OcrConfidence":0.97999996,"Text":"Representative/Tax","VisualLineNumber":43,"TextType":"Unknown"},{"Box":[701.87,411.47,17.87,7.47],"Polygon":[411.47,701.87,429.33,701.87,429.33,709.33,411.47,709.33],"IndexInText":4984,"OcrConfidence":1.0,"Text":"Agent","VisualLineNumber":43,"TextType":"Unknown"},{"Box":[711.73,257.33,25.33,6.67],"Polygon":[257.33,711.73,282.67,711.73,282.67,718.4,257.33,718.4],"IndexInText":4990,"OcrConfidence":0.35,"Text":"Hndicate","VisualLineNumber":44,"TextType":"Unknown"},{"Box":[711.47,284.0,48.0,7.73],"Polygon":[284.0,711.47,332.0,711.47,332.0,719.2,284.0,719.2],"IndexInText":4999,"OcrConfidence":0.98999995,"Text":"Title/Designation","VisualLineNumber":44,"TextType":"Unknown"},{"Box":[711.73,332.8,12.0,5.87],"Polygon":[332.8,711.73,344.8,711.73,344.8,717.6,332.8,717.6],"IndexInText":5017,"OcrConfidence":1.0,"Text":"and","VisualLineNumber":44,"TextType":"Unknown"},{"Box":[711.47,346.13,12.8,7.2],"Polygon":[346.13,711.47,358.93,711.47,358.93,718.67,346.13,718.67],"IndexInText":5021,"OcrConfidence":1.0,"Text":"TIN)","VisualLineNumber":44,"TextType":"Unknown"}]},{"IndexInText":5078,"Length":119,"Type":"TableRowEnd","Words":[{"Box":[721.33,70.13,10.67,5.33],"Polygon":[70.13,721.33,80.8,721.33,80.8,726.67,70.13,726.67],"IndexInText":5078,"OcrConfidence":1.0,"Text":"Tax","VisualLineNumber":45,"TextType":"Unknown"},{"Box":[721.07,81.33,17.07,6.4],"Polygon":[81.33,721.07,98.4,721.07,98.4,727.47,81.33,727.47],"IndexInText":5082,"OcrConfidence":1.0,"Text":"Agent","VisualLineNumber":45,"TextType":"Unknown"},{"Box":[721.07,98.93,36.0,5.6],"Polygon":[98.93,721.07,134.93,721.07,134.93,726.67,98.93,726.67],"IndexInText":5088,"OcrConfidence":1.0,"Text":"Accreditation","VisualLineNumber":45,"TextType":"Unknown"},{"Box":[721.07,135.73,12.53,5.6],"Polygon":[135.73,721.07,148.27,721.07,148.27,726.67,135.73,726.67],"IndexInText":5102,"OcrConfidence":1.0,"Text":"No./","VisualLineNumber":45,"TextType":"Unknown"},{"Box":[721.07,270.13,14.4,6.13],"Polygon":[270.13,721.07,284.53,721.07,284.53,727.2,270.13,727.2],"IndexInText":5107,"OcrConfidence":1.0,"Text":"Date","VisualLineNumber":45,"TextType":"Unknown"},{"Box":[721.07,285.6,6.67,6.13],"Polygon":[285.6,721.07,292.27,721.07,292.27,727.2,285.6,727.2],"IndexInText":5112,"OcrConfidence":1.0,"Text":"of","VisualLineNumber":45,"TextType":"Unknown"},{"Box":[721.07,293.07,16.27,5.87],"Polygon":[293.07,721.07,309.33,721.07,309.33,726.93,293.07,726.93],"IndexInText":5115,"OcrConfidence":1.0,"Text":"Issue","VisualLineNumber":45,"TextType":"Unknown"},{"Box":[720.0,417.33,14.4,6.13],"Polygon":[417.33,720.0,431.73,720.0,431.73,726.13,417.33,726.13],"IndexInText":5121,"OcrConfidence":1.0,"Text":"Date","VisualLineNumber":45,"TextType":"Unknown"},{"Box":[720.27,432.53,6.67,5.87],"Polygon":[432.53,720.27,439.2,720.27,439.2,726.13,432.53,726.13],"IndexInText":5126,"OcrConfidence":1.0,"Text":"of","VisualLineNumber":45,"TextType":"Unknown"},{"Box":[720.0,440.27,18.67,7.47],"Polygon":[440.27,720.0,458.93,720.0,458.93,727.47,440.27,727.47],"IndexInText":5129,"OcrConfidence":1.0,"Text":"Expiry","VisualLineNumber":45,"TextType":"Unknown"},{"Box":[729.87,64.27,28.27,6.93],"Polygon":[64.27,729.87,92.53,729.87,92.53,736.8,64.27,736.8],"IndexInText":5136,"OcrConfidence":0.44,"Text":"Attomney's","VisualLineNumber":46,"TextType":"Unknown"},{"Box":[729.87,93.33,11.2,5.87],"Polygon":[93.33,729.87,104.53,729.87,104.53,735.73,93.33,735.73],"IndexInText":5147,"OcrConfidence":1.0,"Text":"Roll","VisualLineNumber":46,"TextType":"Unknown"},{"Box":[729.87,105.33,9.87,5.87],"Polygon":[105.33,729.87,115.2,729.87,115.2,735.73,105.33,735.73],"IndexInText":5152,"OcrConfidence":0.98999995,"Text":"No.","VisualLineNumber":46,"TextType":"Unknown"},{"Box":[729.87,116.53,6.4,6.93],"Polygon":[116.53,729.87,122.93,729.87,122.93,736.8,116.53,736.8],"IndexInText":5156,"OcrConfidence":1.0,"Text":"(if","VisualLineNumber":46,"TextType":"Unknown"},{"Box":[729.87,123.47,29.6,6.93],"Polygon":[123.47,729.87,153.07,729.87,153.07,736.8,123.47,736.8],"IndexInText":5160,"OcrConfidence":1.0,"Text":"applicable)","VisualLineNumber":46,"TextType":"Unknown"},{"Box":[729.07,270.13,40.53,6.67],"Polygon":[270.13,729.07,310.67,729.07,310.67,735.73,270.13,735.73],"IndexInText":5172,"OcrConfidence":0.97999996,"Text":"(MM/DD/YYYY)","VisualLineNumber":46,"TextType":"Unknown"},{"Box":[729.33,417.6,40.27,6.4],"Polygon":[417.6,729.33,457.87,729.33,457.87,735.73,417.6,735.73],"IndexInText":5185,"OcrConfidence":0.83,"Text":"(MM/DD/YYYY)","VisualLineNumber":46,"TextType":"Unknown"}]}]},{"IndexInText":5246,"Language":"eng","Length":66,"Rotation":"None","SkewAngle":-0.0,"Type":"Paragraph","WordGroups":[{"IndexInText":5246,"Length":66,"Type":"Other","Words":[{"Box":[740.8,62.13,22.67,6.13],"Polygon":[62.13,740.8,84.8,740.8,84.8,746.93,62.13,746.93],"IndexInText":5246,"OcrConfidence":0.97999996,"Text":"*NOTE:","VisualLineNumber":47,"TextType":"Unknown"},{"Box":[740.8,86.4,12.0,5.87],"Polygon":[86.4,740.8,98.4,740.8,98.4,746.67,86.4,746.67],"IndexInText":5253,"OcrConfidence":1.0,"Text":"The","VisualLineNumber":47,"TextType":"Unknown"},{"Box":[740.8,99.47,11.2,5.87],"Polygon":[99.47,740.8,110.67,740.8,110.67,746.67,99.47,746.67],"IndexInText":5257,"OcrConfidence":1.0,"Text":"BIR","VisualLineNumber":47,"TextType":"Unknown"},{"Box":[740.8,112.0,14.4,5.87],"Polygon":[112.0,740.8,126.4,740.8,126.4,746.67,112.0,746.67],"IndexInText":5261,"OcrConfidence":1.0,"Text":"Data","VisualLineNumber":47,"TextType":"Unknown"},{"Box":[740.53,127.73,22.13,7.47],"Polygon":[127.73,740.53,149.87,740.53,149.87,748.0,127.73,748.0],"IndexInText":5266,"OcrConfidence":1.0,"Text":"Privacy","VisualLineNumber":47,"TextType":"Unknown"},{"Box":[740.8,150.93,5.33,5.87],"Polygon":[150.93,740.8,156.27,740.8,156.27,746.67,150.93,746.67],"IndexInText":5274,"OcrConfidence":1.0,"Text":"is","VisualLineNumber":47,"TextType":"Unknown"},{"Box":[740.53,157.6,5.87,6.13],"Polygon":[157.6,740.53,163.47,740.53,163.47,746.67,157.6,746.67],"IndexInText":5277,"OcrConfidence":1.0,"Text":"in","VisualLineNumber":47,"TextType":"Unknown"},{"Box":[740.8,164.27,10.13,6.13],"Polygon":[164.27,740.8,174.4,740.8,174.4,746.93,164.27,746.93],"IndexInText":5280,"OcrConfidence":1.0,"Text":"the","VisualLineNumber":47,"TextType":"Unknown"},{"Box":[740.53,175.2,11.47,6.13],"Polygon":[175.2,740.53,186.67,740.53,186.67,746.67,175.2,746.67],"IndexInText":5284,"OcrConfidence":1.0,"Text":"BIR","VisualLineNumber":47,"TextType":"Unknown"},{"Box":[740.53,188.0,22.67,6.4],"Polygon":[188.0,740.53,210.67,740.53,210.67,746.93,188.0,746.93],"IndexInText":5288,"OcrConfidence":1.0,"Text":"website","VisualLineNumber":47,"TextType":"Unknown"},{"Box":[740.53,211.47,50.13,7.2],"Polygon":[211.47,740.53,261.6,740.53,261.6,747.73,211.47,747.73],"IndexInText":5296,"OcrConfidence":0.98999995,"Text":"(www.bir.gov.ph)","VisualLineNumber":47,"TextType":"Unknown"}]}]}],"ProcessingSource":"Ocr","IndexInText":0,"TextLength":5312,"SkewAngle":-0.0,"Rotation":"None","PageMetadata":[{"Key":"ImageHash","Value":"61027d6de85a5790475badb3debd2b58"},{"Key":"OcrConfidence","Value":"0.96999997"}]}],"DocumentMetadata":[{"Key":"CommitSHA","Value":null},{"Key":"ReleaseVersion","Value":null},{"Key":"OcrConfidence","Value":"0.96999997"}]}