{
  "Workflows": [
    {
      "Path": null,
      "SortBy": 0,
      "VariablesSectionElementsOrder": [],
      "ArgumentsSectionElementsOrder": null,
      "ConstantsSectionElementsOrder": [],
      "AddedNamespaces": null
    },
    {
      "Path": "Main.xaml",
      "SortBy": 0,
      "VariablesSectionElementsOrder": [
        "I_No&Sequence_3",
        "Counter1&Sequence_1",
        "HeaderValue&Sequence_21",
        "TableHeaders&Sequence_1",
        "ColumnValue&Sequence_1",
        "FileName&Sequence_1",
        "Counter&Sequence_1",
        "CurrentTime&Sequence_1",
        "Taxonomy&Sequence_1",
        "Document_Path&Sequence_1",
        "Document_Text&Sequence_1",
        "DOM&Sequence_1",
        "Extraction_Results&Sequence_1",
        "Validated_Extraction_Results&Sequence_1",
        "DataSet&Sequence_1",
        "FilePaths&Sequence_1",
        "TableColumn&Sequence_1",
        "Out_DT&Sequence_4"
      ],
      "ArgumentsSectionElementsOrder": [],
      "ConstantsSectionElementsOrder": [],
      "AddedNamespaces": null
    },
    {
      "Path": "Sequence.xaml",
      "SortBy": 0,
      "VariablesSectionElementsOrder": [
        "CLMS&Sequence_3",
        "Temp1&Sequence_36",
        "Counter&Sequence_1",
        "Temp&Sequence_34",
        "DT_Text&Sequence_3",
        "DT&Sequence_3",
        "Temp&Sequence_2",
        "Taxonomy&Sequence_2",
        "Document_Path&Sequence_2",
        "Document_Text&Sequence_2",
        "DOM&Sequence_2",
        "Extraction_Results&Sequence_2",
        "Validated_Extraction_Results&Sequence_2",
        "DataSet&Sequence_2",
        "FilePaths&Sequence_2",
        "TableColumn&Sequence_2",
        "CurrentTime&Sequence_2",
        "Counter&Sequence_2",
        "FileName&Sequence_2",
        "ColumnValue&Sequence_2",
        "TableHeaders&Sequence_2",
        "Counter1&Sequence_2",
        "I_No&Sequence_3",
        "Out_DT&Sequence_4"
      ],
      "ArgumentsSectionElementsOrder": [],
      "ConstantsSectionElementsOrder": [],
      "AddedNamespaces": null
    }
  ]
}