{"DocumentId":"6030000726","ContentType":"application/pdf","Length":4513,"Pages":[{"PageIndex":0,"Size":[0.0,0.0,792.0,612.0],"Sections":[{"IndexInText":0,"Language":"ita","Length":12,"Rotation":"None","SkewAngle":-0.2,"Type":"Paragraph","WordGroups":[{"IndexInText":0,"Length":12,"Type":"Other","Words":[{"Box":[29.95,562.87,89.07,18.13],"Polygon":[562.87,29.95,651.93,29.95,651.93,48.08,562.87,48.08],"IndexInText":0,"OcrConfidence":0.69,"Text":"SECÜRE","VisualLineNumber":0,"TextType":"Unknown"},{"Box":[49.68,596.47,23.2,4.27],"Polygon":[596.47,49.68,619.67,49.68,619.67,53.95,596.47,53.95],"IndexInText":7,"OcrConfidence":0.95,"Text":"VALUE","VisualLineNumber":1,"TextType":"Unknown"}]}]},{"IndexInText":14,"Language":"fra","Length":11,"Rotation":"None","SkewAngle":0.0,"Type":"Paragraph","WordGroups":[{"IndexInText":14,"Length":11,"Type":"Heading","Words":[{"Box":[34.78,336.62,24.42,10.62],"Polygon":[336.62,34.78,361.04,34.78,361.04,45.4,336.62,45.4],"IndexInText":14,"OcrConfidence":1.0,"Text":"TAX","VisualLineNumber":0,"TextType":"Unknown"},{"Box":[34.78,367.68,49.41,10.62],"Polygon":[367.68,34.78,417.09,34.78,417.09,45.4,367.68,45.4],"IndexInText":18,"OcrConfidence":1.0,"Text":"INVOICE","VisualLineNumber":0,"TextType":"Unknown"}]}]},{"IndexInText":27,"Language":"eng","Length":72,"Rotation":"None","SkewAngle":0.0,"Type":"Paragraph","WordGroups":[{"IndexInText":27,"Length":72,"Type":"Other","Words":[{"Box":[56.21,164.09,31.42,6.24],"Polygon":[164.09,56.21,195.51,56.21,195.51,62.45,164.09,62.45],"IndexInText":27,"OcrConfidence":1.0,"Text":"ORIGINAL","VisualLineNumber":2,"TextType":"Unknown"},{"Box":[56.21,198.7,13.53,6.24],"Polygon":[198.7,56.21,212.23,56.21,212.23,62.45,198.7,62.45],"IndexInText":36,"OcrConfidence":1.0,"Text":"FOR","VisualLineNumber":2,"TextType":"Unknown"},{"Box":[56.21,215.06,33.16,6.24],"Polygon":[215.06,56.21,248.22,56.21,248.22,62.45,215.06,62.45],"IndexInText":40,"OcrConfidence":1.0,"Text":"RECIPIENT","VisualLineNumber":2,"TextType":"Unknown"},{"Box":[56.21,261.71,37.27,6.24],"Polygon":[261.71,56.21,298.98,56.21,298.98,62.45,261.71,62.45],"IndexInText":50,"OcrConfidence":1.0,"Text":"DUPLICATE","VisualLineNumber":2,"TextType":"Unknown"},{"Box":[56.21,301.68,13.53,6.24],"Polygon":[301.68,56.21,315.21,56.21,315.21,62.45,301.68,62.45],"IndexInText":60,"OcrConfidence":1.0,"Text":"FOR","VisualLineNumber":2,"TextType":"Unknown"},{"Box":[56.21,318.04,48.73,6.24],"Polygon":[318.04,56.21,366.77,56.21,366.77,62.45,318.04,62.45],"IndexInText":64,"OcrConfidence":1.0,"Text":"TRANSPORTER","VisualLineNumber":2,"TextType":"Unknown"},{"Box":[56.21,379.52,37.98,6.24],"Polygon":[379.52,56.21,417.49,56.21,417.49,62.45,379.52,62.45],"IndexInText":76,"OcrConfidence":1.0,"Text":"TRIPLICATE","VisualLineNumber":2,"TextType":"Unknown"},{"Box":[56.21,420.19,13.53,6.24],"Polygon":[420.19,56.21,433.72,56.21,433.72,62.45,420.19,62.45],"IndexInText":87,"OcrConfidence":1.0,"Text":"FOR","VisualLineNumber":2,"TextType":"Unknown"},{"Box":[56.21,436.55,31.07,6.24],"Polygon":[436.55,56.21,467.63,56.21,467.63,62.45,436.55,62.45],"IndexInText":91,"OcrConfidence":1.0,"Text":"SUPPLIER","VisualLineNumber":2,"TextType":"Unknown"}]}]},{"IndexInText":101,"Language":"und","Length":1,"Rotation":"Rotated270","SkewAngle":1.1,"Type":"Paragraph","WordGroups":[{"IndexInText":101,"Length":1,"Type":"Other","Words":[{"Box":[56.56,155.41,5.6,5.33],"Polygon":[161.01,56.56,161.01,61.9,155.41,61.9,155.41,56.56],"IndexInText":101,"OcrConfidence":0.98999995,"Text":"☐","VisualLineNumber":52,"TextType":"Unknown"}]}]},{"IndexInText":104,"Language":"und","Length":1,"Rotation":"None","SkewAngle":2.1,"Type":"Paragraph","WordGroups":[{"IndexInText":104,"Length":1,"Type":"Other","Words":[{"Box":[56.56,252.9,5.33,5.33],"Polygon":[252.9,56.56,258.23,56.56,258.23,61.9,252.9,61.9],"IndexInText":104,"OcrConfidence":1.0,"Text":"☐","VisualLineNumber":3,"TextType":"Unknown"}]}]},{"IndexInText":107,"Language":"und","Length":1,"Rotation":"Rotated270","SkewAngle":1.9,"Type":"Paragraph","WordGroups":[{"IndexInText":107,"Length":1,"Type":"Other","Words":[{"Box":[56.56,370.87,5.6,5.33],"Polygon":[376.47,56.56,376.47,61.9,370.87,61.9,370.87,56.56],"IndexInText":107,"OcrConfidence":0.98999995,"Text":"☐","VisualLineNumber":51,"TextType":"Unknown"}]}]},{"IndexInText":110,"Language":"ron","Length":4391,"Rotation":"None","SkewAngle":0.0,"Type":"Table","WordGroups":[{"IndexInText":110,"Length":524,"Type":"TableRowEnd","Words":[{"Box":[67.13,50.44,43.89,6.32],"Polygon":[50.44,67.13,94.33,67.13,94.33,73.45,50.44,73.45],"IndexInText":110,"OcrConfidence":1.0,"Text":"Securevalue","VisualLineNumber":4,"TextType":"Unknown"},{"Box":[67.13,98.32,19.95,6.32],"Polygon":[98.32,67.13,118.27,67.13,118.27,73.45,98.32,73.45],"IndexInText":122,"OcrConfidence":1.0,"Text":"India","VisualLineNumber":4,"TextType":"Unknown"},{"Box":[67.13,122.26,15.96,6.32],"Polygon":[122.26,67.13,138.22,67.13,138.22,73.45,122.26,73.45],"IndexInText":128,"OcrConfidence":1.0,"Text":"Ltd.","VisualLineNumber":4,"TextType":"Unknown"},{"Box":[67.13,277.3,43.89,6.32],"Polygon":[277.3,67.13,321.19,67.13,321.19,73.45,277.3,73.45],"IndexInText":133,"OcrConfidence":1.0,"Text":"Invoice.No.","VisualLineNumber":4,"TextType":"Unknown"},{"Box":[67.13,325.18,43.89,6.32],"Polygon":[325.18,67.13,369.07,67.13,369.07,73.45,325.18,73.45],"IndexInText":145,"OcrConfidence":1.0,"Text":":6030000726","VisualLineNumber":4,"TextType":"Unknown"},{"Box":[67.13,380.97,19.95,6.32],"Polygon":[380.97,67.13,400.28,67.13,400.28,73.45,380.97,73.45],"IndexInText":157,"OcrConfidence":1.0,"Text":"Date:","VisualLineNumber":4,"TextType":"Unknown"},{"Box":[67.14,400.92,39.9,5.88],"Polygon":[402.21,67.13,440.82,67.13,440.82,73.45,402.21,73.45],"IndexInText":163,"OcrConfidence":1.0,"Text":"25.10.2019","VisualLineNumber":4,"TextType":"Unknown"},{"Box":[66.95,502.86,17.51,6.24],"Polygon":[502.86,66.95,520.37,66.95,520.37,73.19,502.86,73.19],"IndexInText":174,"OcrConfidence":1.0,"Text":"Buyer","VisualLineNumber":4,"TextType":"Unknown"},{"Box":[75.11,50.44,19.95,6.32],"Polygon":[50.44,75.11,70.39,75.11,70.39,81.43,50.44,81.43],"IndexInText":180,"OcrConfidence":1.0,"Text":"Phase","VisualLineNumber":5,"TextType":"Unknown"},{"Box":[75.11,74.38,47.88,6.32],"Polygon":[74.38,75.11,122.26,75.11,122.26,81.43,74.38,81.43],"IndexInText":186,"OcrConfidence":1.0,"Text":"8,Industrial","VisualLineNumber":5,"TextType":"Unknown"},{"Box":[75.11,126.25,19.95,6.32],"Polygon":[126.25,75.11,146.2,75.11,146.2,81.43,126.25,81.43],"IndexInText":199,"OcrConfidence":1.0,"Text":"Area,","VisualLineNumber":5,"TextType":"Unknown"},{"Box":[75.11,150.19,19.95,6.32],"Polygon":[150.19,75.11,170.14,75.11,170.14,81.43,150.19,81.43],"IndexInText":205,"OcrConfidence":1.0,"Text":"C-126","VisualLineNumber":5,"TextType":"Unknown"},{"Box":[74.93,502.86,14.33,6.24],"Polygon":[502.86,74.93,517.19,74.93,517.19,81.17,502.86,81.17],"IndexInText":211,"OcrConfidence":1.0,"Text":"AGS","VisualLineNumber":5,"TextType":"Unknown"},{"Box":[74.93,520.39,26.25,6.24],"Polygon":[520.39,74.93,546.65,74.93,546.65,81.17,520.39,81.17],"IndexInText":215,"OcrConfidence":1.0,"Text":"Transact","VisualLineNumber":5,"TextType":"Unknown"},{"Box":[74.93,550.56,40.62,6.24],"Polygon":[550.56,74.93,591.18,74.93,591.18,81.17,550.56,81.17],"IndexInText":224,"OcrConfidence":1.0,"Text":"Technologies","VisualLineNumber":5,"TextType":"Unknown"},{"Box":[74.93,594.49,11.7,6.24],"Polygon":[594.49,74.93,606.19,74.93,606.19,81.17,594.49,81.17],"IndexInText":237,"OcrConfidence":1.0,"Text":"Ltd.","VisualLineNumber":5,"TextType":"Unknown"},{"Box":[78.43,277.3,11.97,6.32],"Polygon":[277.3,78.43,289.27,78.43,289.27,84.75,277.3,84.75],"IndexInText":242,"OcrConfidence":1.0,"Text":"Pro","VisualLineNumber":6,"TextType":"Unknown"},{"Box":[78.43,293.26,15.96,6.32],"Polygon":[293.26,78.43,309.22,78.43,309.22,84.75,293.26,84.75],"IndexInText":246,"OcrConfidence":1.0,"Text":"Inv.","VisualLineNumber":6,"TextType":"Unknown"},{"Box":[78.43,313.21,55.86,6.32],"Polygon":[313.21,78.43,369.07,78.43,369.07,84.75,313.21,84.75],"IndexInText":251,"OcrConfidence":1.0,"Text":"No.:6020022988","VisualLineNumber":6,"TextType":"Unknown"},{"Box":[78.43,380.97,19.95,6.32],"Polygon":[380.97,78.43,400.28,78.43,400.28,84.75,380.97,84.75],"IndexInText":266,"OcrConfidence":1.0,"Text":"Date:","VisualLineNumber":6,"TextType":"Unknown"},{"Box":[78.43,400.92,39.9,6.32],"Polygon":[402.21,78.43,440.82,78.43,440.82,84.75,402.21,84.75],"IndexInText":272,"OcrConfidence":1.0,"Text":"25.10.2019","VisualLineNumber":6,"TextType":"Unknown"},{"Box":[83.09,50.44,27.93,6.32],"Polygon":[50.44,83.09,78.37,83.09,78.37,89.41,50.44,89.41],"IndexInText":283,"OcrConfidence":1.0,"Text":"Mohali,","VisualLineNumber":7,"TextType":"Unknown"},{"Box":[83.09,82.36,43.89,6.32],"Polygon":[82.36,83.09,126.25,83.09,126.25,89.41,82.36,89.41],"IndexInText":291,"OcrConfidence":1.0,"Text":"Chandigarh,","VisualLineNumber":7,"TextType":"Unknown"},{"Box":[83.09,130.24,31.92,6.32],"Polygon":[130.24,83.09,162.16,83.09,162.16,89.41,130.24,89.41],"IndexInText":303,"OcrConfidence":1.0,"Text":"Rupnagar","VisualLineNumber":7,"TextType":"Unknown"},{"Box":[82.91,502.86,26.49,6.24],"Polygon":[502.86,82.91,529.35,82.91,529.35,89.15,502.86,89.15],"IndexInText":312,"OcrConfidence":1.0,"Text":"SCO-93,","VisualLineNumber":7,"TextType":"Unknown"},{"Box":[82.91,533.01,29.47,6.24],"Polygon":[533.01,82.91,562.48,82.91,562.48,89.15,533.01,89.15],"IndexInText":320,"OcrConfidence":1.0,"Text":"Signature","VisualLineNumber":7,"TextType":"Unknown"},{"Box":[82.91,565.68,21.55,6.24],"Polygon":[565.68,82.91,587.23,82.91,587.23,89.15,565.68,89.15],"IndexInText":330,"OcrConfidence":1.0,"Text":"Tower,","VisualLineNumber":7,"TextType":"Unknown"},{"Box":[82.91,590.89,13.92,6.24],"Polygon":[590.89,82.91,604.82,82.91,604.82,89.15,590.89,89.15],"IndexInText":337,"OcrConfidence":1.0,"Text":"Fifth","VisualLineNumber":7,"TextType":"Unknown"},{"Box":[82.91,608.3,17.14,6.24],"Polygon":[608.3,82.91,625.44,82.91,625.44,89.15,608.3,89.15],"IndexInText":343,"OcrConfidence":1.0,"Text":"Floor,","VisualLineNumber":7,"TextType":"Unknown"},{"Box":[91.07,50.44,23.94,6.32],"Polygon":[50.44,91.07,74.38,91.07,74.38,97.39,50.44,97.39],"IndexInText":350,"OcrConfidence":1.0,"Text":"160071","VisualLineNumber":8,"TextType":"Unknown"},{"Box":[91.07,78.37,23.94,6.32],"Polygon":[78.37,91.07,102.31,91.07,102.31,97.39,78.37,97.39],"IndexInText":357,"OcrConfidence":1.0,"Text":"Mohali","VisualLineNumber":8,"TextType":"Unknown"},{"Box":[89.74,277.3,11.97,6.32],"Polygon":[277.3,89.74,289.27,89.74,289.27,96.06,277.3,96.06],"IndexInText":364,"OcrConfidence":1.0,"Text":"WBS","VisualLineNumber":8,"TextType":"Unknown"},{"Box":[89.74,293.26,7.98,6.32],"Polygon":[293.26,89.74,301.24,89.74,301.24,96.06,293.26,96.06],"IndexInText":368,"OcrConfidence":1.0,"Text":"ID","VisualLineNumber":8,"TextType":"Unknown"},{"Box":[89.74,380.97,3.99,6.32],"Polygon":[380.97,89.74,384.96,89.74,384.96,96.06,380.97,96.06],"IndexInText":371,"OcrConfidence":1.0,"Text":":","VisualLineNumber":8,"TextType":"Unknown"},{"Box":[90.89,502.86,21.6,6.24],"Polygon":[502.86,90.89,524.46,90.89,524.46,97.13,502.86,97.13],"IndexInText":373,"OcrConfidence":1.0,"Text":"District","VisualLineNumber":8,"TextType":"Unknown"},{"Box":[90.89,528.38,28.76,6.24],"Polygon":[528.38,90.89,557.14,90.89,557.14,97.13,528.38,97.13],"IndexInText":382,"OcrConfidence":1.0,"Text":"Shopping","VisualLineNumber":8,"TextType":"Unknown"},{"Box":[90.89,560.58,22.3,6.24],"Polygon":[560.58,90.89,582.88,90.89,582.88,97.13,560.58,97.13],"IndexInText":391,"OcrConfidence":1.0,"Text":"Centre,","VisualLineNumber":8,"TextType":"Unknown"},{"Box":[90.89,586.45,16.82,6.24],"Polygon":[586.45,90.89,603.27,90.89,603.27,97.13,586.45,97.13],"IndexInText":399,"OcrConfidence":1.0,"Text":"Ranjit","VisualLineNumber":8,"TextType":"Unknown"},{"Box":[90.89,607.18,25.3,6.24],"Polygon":[607.18,90.89,632.48,90.89,632.48,97.13,607.18,97.13],"IndexInText":406,"OcrConfidence":1.0,"Text":"Avenue,","VisualLineNumber":8,"TextType":"Unknown"},{"Box":[99.05,50.44,19.95,6.32],"Polygon":[50.44,99.05,70.39,99.05,70.39,105.37,50.44,105.37],"IndexInText":414,"OcrConfidence":1.0,"Text":"India","VisualLineNumber":9,"TextType":"Unknown"},{"Box":[101.04,277.3,19.95,6.32],"Polygon":[277.3,101.04,297.25,101.04,297.25,107.36,277.3,107.36],"IndexInText":420,"OcrConfidence":1.0,"Text":"Other","VisualLineNumber":9,"TextType":"Unknown"},{"Box":[101.04,301.24,47.88,6.32],"Polygon":[301.24,101.04,349.12,101.04,349.12,107.36,301.24,107.36],"IndexInText":426,"OcrConfidence":1.0,"Text":"Reference(S)","VisualLineNumber":9,"TextType":"Unknown"},{"Box":[101.04,380.97,3.99,6.32],"Polygon":[380.97,101.04,384.96,101.04,384.96,107.36,380.97,107.36],"IndexInText":439,"OcrConfidence":1.0,"Text":":","VisualLineNumber":9,"TextType":"Unknown"},{"Box":[98.87,502.86,24.68,6.24],"Polygon":[502.86,98.87,527.54,98.87,527.54,105.11,502.86,105.11],"IndexInText":441,"OcrConfidence":1.0,"Text":"143001","VisualLineNumber":9,"TextType":"Unknown"},{"Box":[98.87,531.35,26.25,6.24],"Polygon":[531.35,98.87,557.6,98.87,557.6,105.11,531.35,105.11],"IndexInText":448,"OcrConfidence":1.0,"Text":"Amritsar","VisualLineNumber":9,"TextType":"Unknown"},{"Box":[106.85,50.44,20.1,6.24],"Polygon":[50.44,106.85,70.54,106.85,70.54,113.09,50.44,113.09],"IndexInText":457,"OcrConfidence":1.0,"Text":"GSTIN","VisualLineNumber":10,"TextType":"Unknown"},{"Box":[106.85,103.67,1.85,6.24],"Polygon":[103.67,106.85,105.52,106.85,105.52,113.09,103.67,113.09],"IndexInText":463,"OcrConfidence":1.0,"Text":":","VisualLineNumber":10,"TextType":"Unknown"},{"Box":[106.85,109.19,63.96,6.24],"Polygon":[109.19,106.85,173.14,106.85,173.14,113.09,109.19,113.09],"IndexInText":465,"OcrConfidence":1.0,"Text":"03AARCS3659P1ZJ","VisualLineNumber":10,"TextType":"Unknown"},{"Box":[106.85,502.86,14.8,6.24],"Polygon":[502.86,106.85,517.66,106.85,517.66,113.09,502.86,113.09],"IndexInText":481,"OcrConfidence":1.0,"Text":"India","VisualLineNumber":10,"TextType":"Unknown"},{"Box":[113.48,277.3,15.96,6.32],"Polygon":[277.3,113.48,293.26,113.48,293.26,119.8,277.3,119.8],"IndexInText":487,"OcrConfidence":1.0,"Text":"Cust","VisualLineNumber":11,"TextType":"Unknown"},{"Box":[113.48,297.25,11.97,6.32],"Polygon":[297.25,113.48,309.22,113.48,309.22,119.8,297.25,119.8],"IndexInText":492,"OcrConfidence":1.0,"Text":"PAN","VisualLineNumber":11,"TextType":"Unknown"},{"Box":[113.48,313.21,11.97,6.32],"Polygon":[313.21,113.48,325.18,113.48,325.18,119.8,313.21,119.8],"IndexInText":496,"OcrConfidence":1.0,"Text":"No.","VisualLineNumber":11,"TextType":"Unknown"},{"Box":[113.48,380.97,3.99,6.32],"Polygon":[380.97,113.48,384.96,113.48,384.96,119.8,380.97,119.8],"IndexInText":500,"OcrConfidence":1.0,"Text":":","VisualLineNumber":11,"TextType":"Unknown"},{"Box":[113.48,388.95,39.9,6.32],"Polygon":[388.95,113.48,428.85,113.48,428.85,119.8,388.95,119.8],"IndexInText":502,"OcrConfidence":1.0,"Text":"AAECA0901H","VisualLineNumber":11,"TextType":"Unknown"},{"Box":[114.83,50.44,16.51,6.24],"Polygon":[50.44,114.83,66.94,114.83,66.94,121.07,50.44,121.07],"IndexInText":513,"OcrConfidence":1.0,"Text":"State","VisualLineNumber":12,"TextType":"Unknown"},{"Box":[114.83,70.14,16.04,6.24],"Polygon":[70.14,114.83,86.18,114.83,86.18,121.07,70.14,121.07],"IndexInText":519,"OcrConfidence":1.0,"Text":"Code","VisualLineNumber":12,"TextType":"Unknown"},{"Box":[114.83,103.67,1.85,6.24],"Polygon":[103.67,114.83,105.52,114.83,105.52,121.07,103.67,121.07],"IndexInText":524,"OcrConfidence":1.0,"Text":":","VisualLineNumber":12,"TextType":"Unknown"},{"Box":[114.83,109.19,8.39,6.24],"Polygon":[109.19,114.83,117.57,114.83,117.57,121.07,109.19,121.07],"IndexInText":526,"OcrConfidence":1.0,"Text":"PB","VisualLineNumber":12,"TextType":"Unknown"},{"Box":[114.83,120.64,2.21,6.24],"Polygon":[120.64,114.83,122.86,114.83,122.86,121.07,120.64,121.07],"IndexInText":529,"OcrConfidence":1.0,"Text":"-","VisualLineNumber":12,"TextType":"Unknown"},{"Box":[114.83,126.16,7.89,6.24],"Polygon":[126.16,114.83,134.05,114.83,134.05,121.07,126.16,121.07],"IndexInText":531,"OcrConfidence":1.0,"Text":"03","VisualLineNumber":12,"TextType":"Unknown"},{"Box":[114.83,502.86,20.1,6.24],"Polygon":[502.86,114.83,522.96,114.83,522.96,121.07,502.86,121.07],"IndexInText":534,"OcrConfidence":1.0,"Text":"GSTIN","VisualLineNumber":12,"TextType":"Unknown"},{"Box":[114.83,526.29,1.85,6.24],"Polygon":[526.29,114.83,528.14,114.83,528.14,121.07,526.29,121.07],"IndexInText":540,"OcrConfidence":1.0,"Text":":","VisualLineNumber":12,"TextType":"Unknown"},{"Box":[114.83,531.8,66.8,6.24],"Polygon":[531.8,114.83,598.61,114.83,598.61,121.07,531.8,121.07],"IndexInText":542,"OcrConfidence":1.0,"Text":"03AAECA0901H1ZG","VisualLineNumber":12,"TextType":"Unknown"},{"Box":[114.83,612.65,16.5,6.24],"Polygon":[612.65,114.83,629.16,114.83,629.16,121.07,612.65,121.07],"IndexInText":558,"OcrConfidence":1.0,"Text":"State","VisualLineNumber":12,"TextType":"Unknown"},{"Box":[114.83,632.35,16.04,6.24],"Polygon":[632.35,114.83,648.39,114.83,648.39,121.07,632.35,121.07],"IndexInText":564,"OcrConfidence":1.0,"Text":"Code","VisualLineNumber":12,"TextType":"Unknown"},{"Box":[114.83,651.58,1.85,6.24],"Polygon":[651.58,114.83,653.43,114.83,653.43,121.07,651.58,121.07],"IndexInText":569,"OcrConfidence":1.0,"Text":":","VisualLineNumber":12,"TextType":"Unknown"},{"Box":[114.83,657.09,8.39,6.24],"Polygon":[657.09,114.83,665.48,114.83,665.48,121.07,657.09,121.07],"IndexInText":571,"OcrConfidence":1.0,"Text":"PB","VisualLineNumber":12,"TextType":"Unknown"},{"Box":[114.83,668.55,2.21,6.24],"Polygon":[668.55,114.83,670.76,114.83,670.76,121.07,668.55,121.07],"IndexInText":574,"OcrConfidence":1.0,"Text":"-","VisualLineNumber":12,"TextType":"Unknown"},{"Box":[114.83,674.06,7.89,6.24],"Polygon":[674.06,114.83,681.96,114.83,681.96,121.07,674.06,121.07],"IndexInText":576,"OcrConfidence":1.0,"Text":"03","VisualLineNumber":12,"TextType":"Unknown"},{"Box":[122.81,50.44,11.32,6.24],"Polygon":[50.44,122.81,61.76,122.81,61.76,129.05,50.44,129.05],"IndexInText":579,"OcrConfidence":1.0,"Text":"CIN","VisualLineNumber":13,"TextType":"Unknown"},{"Box":[122.81,103.67,1.85,6.24],"Polygon":[103.67,122.81,105.52,122.81,105.52,129.05,103.67,129.05],"IndexInText":583,"OcrConfidence":1.0,"Text":":","VisualLineNumber":13,"TextType":"Unknown"},{"Box":[122.81,109.19,90.33,6.24],"Polygon":[109.19,122.81,199.52,122.81,199.52,129.05,109.19,129.05],"IndexInText":585,"OcrConfidence":1.0,"Text":"U74120MH2012PLC230193","VisualLineNumber":13,"TextType":"Unknown"},{"Box":[122.81,502.86,23.8,6.24],"Polygon":[502.86,122.81,526.66,122.81,526.66,129.05,502.86,129.05],"IndexInText":607,"OcrConfidence":1.0,"Text":"Contact","VisualLineNumber":13,"TextType":"Unknown"},{"Box":[122.81,530.58,8.52,6.24],"Polygon":[530.58,122.81,539.1,122.81,539.1,129.05,530.58,129.05],"IndexInText":615,"OcrConfidence":1.0,"Text":"No","VisualLineNumber":13,"TextType":"Unknown"},{"Box":[122.81,542.54,1.85,6.24],"Polygon":[542.54,122.81,544.38,122.81,544.38,129.05,542.54,129.05],"IndexInText":618,"OcrConfidence":1.0,"Text":":","VisualLineNumber":13,"TextType":"Unknown"},{"Box":[122.81,556.1,23.8,6.24],"Polygon":[556.1,122.81,579.89,122.81,579.89,129.05,556.1,129.05],"IndexInText":620,"OcrConfidence":1.0,"Text":"Contact","VisualLineNumber":13,"TextType":"Unknown"},{"Box":[122.81,583.81,17.87,6.24],"Polygon":[583.81,122.81,601.69,122.81,601.69,129.05,583.81,129.05],"IndexInText":628,"OcrConfidence":1.0,"Text":"Name","VisualLineNumber":13,"TextType":"Unknown"},{"Box":[122.81,604.88,1.85,6.24],"Polygon":[604.88,122.81,606.73,122.81,606.73,129.05,604.88,129.05],"IndexInText":633,"OcrConfidence":1.0,"Text":":","VisualLineNumber":13,"TextType":"Unknown"}]},{"IndexInText":659,"Length":548,"Type":"TableRowEnd","Words":[{"Box":[142.36,53.75,17.03,6.24],"Polygon":[53.75,142.36,70.78,142.36,70.78,148.6,53.75,148.6],"IndexInText":659,"OcrConfidence":1.0,"Text":"Asset","VisualLineNumber":14,"TextType":"Unknown"},{"Box":[142.36,74.69,16.04,6.24],"Polygon":[74.69,142.36,90.73,142.36,90.73,148.6,74.69,148.6],"IndexInText":665,"OcrConfidence":1.0,"Text":"Code","VisualLineNumber":14,"TextType":"Unknown"},{"Box":[142.36,107.0,1.85,6.24],"Polygon":[107.0,142.36,108.85,142.36,108.85,148.6,107.0,148.6],"IndexInText":670,"OcrConfidence":1.0,"Text":":","VisualLineNumber":14,"TextType":"Unknown"},{"Box":[142.54,277.3,7.98,6.32],"Polygon":[277.3,142.54,285.28,142.54,285.28,148.86,277.3,148.86],"IndexInText":672,"OcrConfidence":1.0,"Text":"PO","VisualLineNumber":14,"TextType":"Unknown"},{"Box":[142.54,289.27,11.97,6.32],"Polygon":[289.27,142.54,301.24,142.54,301.24,148.86,289.27,148.86],"IndexInText":675,"OcrConfidence":1.0,"Text":"No.","VisualLineNumber":14,"TextType":"Unknown"},{"Box":[142.54,307.22,3.99,6.32],"Polygon":[307.22,142.54,311.21,142.54,311.21,148.86,307.22,148.86],"IndexInText":679,"OcrConfidence":1.0,"Text":":","VisualLineNumber":14,"TextType":"Unknown"},{"Box":[142.54,315.2,23.94,6.32],"Polygon":[315.2,142.54,339.14,142.54,339.14,148.86,315.2,148.86],"IndexInText":681,"OcrConfidence":1.0,"Text":"E-Mail","VisualLineNumber":14,"TextType":"Unknown"},{"Box":[142.54,343.13,47.88,6.32],"Polygon":[343.13,142.54,391.01,142.54,391.01,148.86,343.13,148.86],"IndexInText":688,"OcrConfidence":1.0,"Text":"Confirmation","VisualLineNumber":14,"TextType":"Unknown"},{"Box":[142.36,502.86,24.57,6.24],"Polygon":[502.86,142.36,527.43,142.36,527.43,148.6,502.86,148.6],"IndexInText":701,"OcrConfidence":1.0,"Text":"Delivery","VisualLineNumber":14,"TextType":"Unknown"},{"Box":[142.36,531.11,25.15,6.24],"Polygon":[531.11,142.36,556.27,142.36,556.27,148.6,531.11,148.6],"IndexInText":710,"OcrConfidence":1.0,"Text":"Address","VisualLineNumber":14,"TextType":"Unknown"},{"Box":[142.36,559.58,1.85,6.24],"Polygon":[559.58,142.36,561.43,142.36,561.43,148.6,559.58,148.6],"IndexInText":718,"OcrConfidence":1.0,"Text":":","VisualLineNumber":14,"TextType":"Unknown"},{"Box":[150.34,502.86,14.33,6.24],"Polygon":[502.86,150.34,517.19,150.34,517.19,156.58,502.86,156.58],"IndexInText":720,"OcrConfidence":1.0,"Text":"AGS","VisualLineNumber":15,"TextType":"Unknown"},{"Box":[150.34,520.39,26.25,6.24],"Polygon":[520.39,150.34,546.65,150.34,546.65,156.58,520.39,156.58],"IndexInText":724,"OcrConfidence":1.0,"Text":"Transact","VisualLineNumber":15,"TextType":"Unknown"},{"Box":[150.34,550.56,40.62,6.24],"Polygon":[550.56,150.34,591.18,150.34,591.18,156.58,550.56,156.58],"IndexInText":733,"OcrConfidence":1.0,"Text":"Technologies","VisualLineNumber":15,"TextType":"Unknown"},{"Box":[150.34,594.49,11.7,6.24],"Polygon":[594.49,150.34,606.19,150.34,606.19,156.58,594.49,156.58],"IndexInText":746,"OcrConfidence":1.0,"Text":"Ltd.","VisualLineNumber":15,"TextType":"Unknown"},{"Box":[153.66,53.75,14.69,6.24],"Polygon":[53.75,153.66,68.43,153.66,68.43,159.9,53.75,159.9],"IndexInText":751,"OcrConfidence":1.0,"Text":"ATM","VisualLineNumber":16,"TextType":"Unknown"},{"Box":[153.66,72.23,12.1,6.24],"Polygon":[72.23,153.66,84.33,153.66,84.33,159.9,72.23,159.9],"IndexInText":755,"OcrConfidence":1.0,"Text":"Site","VisualLineNumber":16,"TextType":"Unknown"},{"Box":[153.66,87.52,6.63,6.24],"Polygon":[87.52,153.66,94.15,153.66,94.15,159.9,87.52,159.9],"IndexInText":760,"OcrConfidence":1.0,"Text":"ID","VisualLineNumber":16,"TextType":"Unknown"},{"Box":[153.66,107.0,1.85,6.24],"Polygon":[107.0,153.66,108.85,153.66,108.85,159.9,107.0,159.9],"IndexInText":763,"OcrConfidence":1.0,"Text":":","VisualLineNumber":16,"TextType":"Unknown"},{"Box":[153.84,277.3,7.98,6.32],"Polygon":[277.3,153.84,285.28,153.84,285.28,160.16,277.3,160.16],"IndexInText":765,"OcrConfidence":1.0,"Text":"PO","VisualLineNumber":16,"TextType":"Unknown"},{"Box":[153.84,289.27,15.96,6.32],"Polygon":[289.27,153.84,305.23,153.84,305.23,160.16,289.27,160.16],"IndexInText":768,"OcrConfidence":1.0,"Text":"Date","VisualLineNumber":16,"TextType":"Unknown"},{"Box":[153.84,307.22,3.99,6.32],"Polygon":[307.22,153.84,311.21,153.84,311.21,160.16,307.22,160.16],"IndexInText":773,"OcrConfidence":1.0,"Text":":","VisualLineNumber":16,"TextType":"Unknown"},{"Box":[153.84,315.2,39.9,6.32],"Polygon":[315.2,153.84,355.1,153.84,355.1,160.16,315.2,160.16],"IndexInText":775,"OcrConfidence":1.0,"Text":"22.08.2019","VisualLineNumber":16,"TextType":"Unknown"},{"Box":[158.32,502.86,26.49,6.24],"Polygon":[502.86,158.32,529.35,158.32,529.35,164.56,502.86,164.56],"IndexInText":786,"OcrConfidence":1.0,"Text":"SCO-93,","VisualLineNumber":17,"TextType":"Unknown"},{"Box":[158.32,533.01,29.47,6.24],"Polygon":[533.01,158.32,562.48,158.32,562.48,164.56,533.01,164.56],"IndexInText":794,"OcrConfidence":1.0,"Text":"Signature","VisualLineNumber":17,"TextType":"Unknown"},{"Box":[158.32,565.68,21.55,6.24],"Polygon":[565.68,158.32,587.23,158.32,587.23,164.56,565.68,164.56],"IndexInText":804,"OcrConfidence":1.0,"Text":"Tower,","VisualLineNumber":17,"TextType":"Unknown"},{"Box":[158.32,590.89,13.92,6.24],"Polygon":[590.89,158.32,604.82,158.32,604.82,164.56,590.89,164.56],"IndexInText":811,"OcrConfidence":1.0,"Text":"Fifth","VisualLineNumber":17,"TextType":"Unknown"},{"Box":[158.32,608.3,17.14,6.24],"Polygon":[608.3,158.32,625.44,158.32,625.44,164.56,608.3,164.56],"IndexInText":817,"OcrConfidence":1.0,"Text":"Floor,","VisualLineNumber":17,"TextType":"Unknown"},{"Box":[164.97,53.75,15.42,6.24],"Polygon":[53.75,164.97,69.17,164.97,69.17,171.21,53.75,171.21],"IndexInText":824,"OcrConfidence":1.0,"Text":"Road","VisualLineNumber":18,"TextType":"Unknown"},{"Box":[164.97,72.61,19.11,6.24],"Polygon":[72.61,164.97,91.72,164.97,91.72,171.21,72.61,171.21],"IndexInText":829,"OcrConfidence":1.0,"Text":"Permit","VisualLineNumber":18,"TextType":"Unknown"},{"Box":[164.97,107.0,1.85,6.24],"Polygon":[107.0,164.97,108.85,164.97,108.85,171.21,107.0,171.21],"IndexInText":836,"OcrConfidence":1.0,"Text":":","VisualLineNumber":18,"TextType":"Unknown"},{"Box":[165.15,277.3,23.94,6.32],"Polygon":[277.3,165.15,301.24,165.15,301.24,171.47,277.3,171.47],"IndexInText":838,"OcrConfidence":1.0,"Text":"LR/RR/","VisualLineNumber":18,"TextType":"Unknown"},{"Box":[165.15,305.23,7.98,6.32],"Polygon":[305.23,165.15,313.21,165.15,313.21,171.47,305.23,171.47],"IndexInText":845,"OcrConfidence":1.0,"Text":"No","VisualLineNumber":18,"TextType":"Unknown"},{"Box":[165.15,317.2,3.99,6.32],"Polygon":[317.2,165.15,321.19,165.15,321.19,171.47,317.2,171.47],"IndexInText":848,"OcrConfidence":1.0,"Text":":","VisualLineNumber":18,"TextType":"Unknown"},{"Box":[165.15,404.08,15.96,6.32],"Polygon":[404.08,165.15,420.04,165.15,420.04,171.47,404.08,171.47],"IndexInText":850,"OcrConfidence":1.0,"Text":"Date","VisualLineNumber":18,"TextType":"Unknown"},{"Box":[165.15,424.03,3.99,6.32],"Polygon":[424.03,165.15,428.02,165.15,428.02,171.47,424.03,171.47],"IndexInText":855,"OcrConfidence":1.0,"Text":":","VisualLineNumber":18,"TextType":"Unknown"},{"Box":[165.15,432.01,39.9,6.32],"Polygon":[432.01,165.15,471.91,165.15,471.91,171.47,432.01,171.47],"IndexInText":857,"OcrConfidence":1.0,"Text":"25.10.2019","VisualLineNumber":18,"TextType":"Unknown"},{"Box":[166.3,502.86,21.6,6.24],"Polygon":[502.86,166.3,524.46,166.3,524.46,172.54,502.86,172.54],"IndexInText":868,"OcrConfidence":1.0,"Text":"District","VisualLineNumber":18,"TextType":"Unknown"},{"Box":[166.3,528.38,28.76,6.24],"Polygon":[528.38,166.3,557.14,166.3,557.14,172.54,528.38,172.54],"IndexInText":877,"OcrConfidence":1.0,"Text":"Shopping","VisualLineNumber":18,"TextType":"Unknown"},{"Box":[166.3,560.58,22.3,6.24],"Polygon":[560.58,166.3,582.88,166.3,582.88,172.54,560.58,172.54],"IndexInText":886,"OcrConfidence":1.0,"Text":"Centre,","VisualLineNumber":18,"TextType":"Unknown"},{"Box":[166.3,586.45,16.82,6.24],"Polygon":[586.45,166.3,603.27,166.3,603.27,172.54,586.45,172.54],"IndexInText":894,"OcrConfidence":1.0,"Text":"Ranjit","VisualLineNumber":18,"TextType":"Unknown"},{"Box":[166.3,607.18,25.3,6.24],"Polygon":[607.18,166.3,632.48,166.3,632.48,172.54,607.18,172.54],"IndexInText":901,"OcrConfidence":1.0,"Text":"Avenue,","VisualLineNumber":18,"TextType":"Unknown"},{"Box":[176.27,50.44,24.57,6.24],"Polygon":[50.44,176.27,75.01,176.27,75.01,182.51,50.44,182.51],"IndexInText":909,"OcrConfidence":1.0,"Text":"Delivery","VisualLineNumber":20,"TextType":"Unknown"},{"Box":[176.27,78.7,22.62,6.24],"Polygon":[78.7,176.27,101.31,176.27,101.31,182.51,78.7,182.51],"IndexInText":918,"OcrConfidence":1.0,"Text":"Challan","VisualLineNumber":20,"TextType":"Unknown"},{"Box":[176.27,104.75,10.49,6.24],"Polygon":[104.75,176.27,115.24,176.27,115.24,182.51,104.75,182.51],"IndexInText":926,"OcrConfidence":1.0,"Text":"No.","VisualLineNumber":20,"TextType":"Unknown"},{"Box":[176.27,144.7,1.85,6.24],"Polygon":[144.7,176.27,146.55,176.27,146.55,182.51,144.7,182.51],"IndexInText":930,"OcrConfidence":1.0,"Text":":","VisualLineNumber":20,"TextType":"Unknown"},{"Box":[176.45,277.3,19.95,6.32],"Polygon":[277.3,176.45,297.25,176.45,297.25,182.77,277.3,182.77],"IndexInText":932,"OcrConfidence":1.0,"Text":"Terms","VisualLineNumber":20,"TextType":"Unknown"},{"Box":[176.45,301.24,7.98,6.32],"Polygon":[301.24,176.45,309.22,176.45,309.22,182.77,301.24,182.77],"IndexInText":938,"OcrConfidence":1.0,"Text":"Of","VisualLineNumber":20,"TextType":"Unknown"},{"Box":[176.45,313.21,27.93,6.32],"Polygon":[313.21,176.45,341.14,176.45,341.14,182.77,313.21,182.77],"IndexInText":941,"OcrConfidence":1.0,"Text":"Payment","VisualLineNumber":20,"TextType":"Unknown"},{"Box":[176.45,348.72,3.99,6.32],"Polygon":[348.72,176.45,352.71,176.45,352.71,182.77,348.72,182.77],"IndexInText":949,"OcrConfidence":1.0,"Text":":","VisualLineNumber":20,"TextType":"Unknown"},{"Box":[176.45,356.7,15.96,6.32],"Polygon":[356.7,176.45,372.66,176.45,372.66,182.77,356.7,182.77],"IndexInText":951,"OcrConfidence":1.0,"Text":"100%","VisualLineNumber":20,"TextType":"Unknown"},{"Box":[176.45,376.65,27.93,6.32],"Polygon":[376.65,176.45,404.58,176.45,404.58,182.77,376.65,182.77],"IndexInText":956,"OcrConfidence":1.0,"Text":"against","VisualLineNumber":20,"TextType":"Unknown"},{"Box":[176.45,408.57,27.93,6.32],"Polygon":[408.57,176.45,436.5,176.45,436.5,182.77,408.57,182.77],"IndexInText":964,"OcrConfidence":1.0,"Text":"Invoice","VisualLineNumber":20,"TextType":"Unknown"},{"Box":[174.28,502.86,24.68,6.24],"Polygon":[502.86,174.28,527.54,174.28,527.54,180.52,502.86,180.52],"IndexInText":972,"OcrConfidence":1.0,"Text":"143001","VisualLineNumber":19,"TextType":"Unknown"},{"Box":[174.28,531.35,26.25,6.24],"Polygon":[531.35,174.28,557.6,174.28,557.6,180.52,531.35,180.52],"IndexInText":979,"OcrConfidence":1.0,"Text":"Amritsar","VisualLineNumber":19,"TextType":"Unknown"},{"Box":[182.26,502.86,14.8,6.24],"Polygon":[502.86,182.26,517.66,182.26,517.66,188.5,502.86,188.5],"IndexInText":988,"OcrConfidence":1.0,"Text":"India","VisualLineNumber":21,"TextType":"Unknown"},{"Box":[185.68,50.44,24.57,6.24],"Polygon":[50.44,185.68,75.01,185.68,75.01,191.92,50.44,191.92],"IndexInText":994,"OcrConfidence":1.0,"Text":"Delivery","VisualLineNumber":22,"TextType":"Unknown"},{"Box":[185.68,78.7,14.55,6.24],"Polygon":[78.7,185.68,93.25,185.68,93.25,191.92,78.7,191.92],"IndexInText":1003,"OcrConfidence":1.0,"Text":"Date","VisualLineNumber":22,"TextType":"Unknown"},{"Box":[185.68,144.7,1.85,6.24],"Polygon":[144.7,185.68,146.55,185.68,146.55,191.92,144.7,191.92],"IndexInText":1008,"OcrConfidence":1.0,"Text":":","VisualLineNumber":22,"TextType":"Unknown"},{"Box":[190.24,502.86,20.1,6.24],"Polygon":[502.86,190.24,522.96,190.24,522.96,196.48,502.86,196.48],"IndexInText":1010,"OcrConfidence":1.0,"Text":"GSTIN","VisualLineNumber":23,"TextType":"Unknown"},{"Box":[190.24,526.29,1.85,6.24],"Polygon":[526.29,190.24,528.14,190.24,528.14,196.48,526.29,196.48],"IndexInText":1016,"OcrConfidence":1.0,"Text":":","VisualLineNumber":23,"TextType":"Unknown"},{"Box":[190.24,531.8,66.8,6.24],"Polygon":[531.8,190.24,598.61,190.24,598.61,196.48,531.8,196.48],"IndexInText":1018,"OcrConfidence":1.0,"Text":"03AAECA0901H1ZG","VisualLineNumber":23,"TextType":"Unknown"},{"Box":[190.24,612.65,16.5,6.24],"Polygon":[612.65,190.24,629.16,190.24,629.16,196.48,612.65,196.48],"IndexInText":1034,"OcrConfidence":1.0,"Text":"State","VisualLineNumber":23,"TextType":"Unknown"},{"Box":[190.24,632.35,16.04,6.24],"Polygon":[632.35,190.24,648.39,190.24,648.39,196.48,632.35,196.48],"IndexInText":1040,"OcrConfidence":1.0,"Text":"Code","VisualLineNumber":23,"TextType":"Unknown"},{"Box":[190.24,651.58,1.85,6.24],"Polygon":[651.58,190.24,653.43,190.24,653.43,196.48,651.58,196.48],"IndexInText":1045,"OcrConfidence":1.0,"Text":":","VisualLineNumber":23,"TextType":"Unknown"},{"Box":[190.24,657.09,8.39,6.24],"Polygon":[657.09,190.24,665.48,190.24,665.48,196.48,657.09,196.48],"IndexInText":1047,"OcrConfidence":1.0,"Text":"PB","VisualLineNumber":23,"TextType":"Unknown"},{"Box":[190.24,668.55,2.21,6.24],"Polygon":[668.55,190.24,670.76,190.24,670.76,196.48,668.55,196.48],"IndexInText":1050,"OcrConfidence":1.0,"Text":"-","VisualLineNumber":23,"TextType":"Unknown"},{"Box":[190.24,674.06,7.89,6.24],"Polygon":[674.06,190.24,681.96,190.24,681.96,196.48,674.06,196.48],"IndexInText":1052,"OcrConfidence":1.0,"Text":"03","VisualLineNumber":23,"TextType":"Unknown"},{"Box":[195.09,50.44,26.9,6.24],"Polygon":[50.44,195.09,77.34,195.09,77.34,201.33,50.44,201.33],"IndexInText":1055,"OcrConfidence":1.0,"Text":"Dispatch","VisualLineNumber":24,"TextType":"Unknown"},{"Box":[195.09,80.78,17.37,6.24],"Polygon":[80.78,195.09,98.15,195.09,98.15,201.33,80.78,201.33],"IndexInText":1064,"OcrConfidence":1.0,"Text":"Mode","VisualLineNumber":24,"TextType":"Unknown"},{"Box":[195.09,144.7,1.85,6.24],"Polygon":[144.7,195.09,146.55,195.09,146.55,201.33,144.7,201.33],"IndexInText":1069,"OcrConfidence":1.0,"Text":":","VisualLineNumber":24,"TextType":"Unknown"},{"Box":[195.31,277.3,19.95,6.32],"Polygon":[277.3,195.31,297.25,195.31,297.25,201.62,277.3,201.62],"IndexInText":1071,"OcrConfidence":1.0,"Text":"Terms","VisualLineNumber":24,"TextType":"Unknown"},{"Box":[195.31,301.24,7.98,6.32],"Polygon":[301.24,195.31,309.22,195.31,309.22,201.62,301.24,201.62],"IndexInText":1077,"OcrConfidence":1.0,"Text":"Of","VisualLineNumber":24,"TextType":"Unknown"},{"Box":[195.31,313.21,31.92,6.32],"Polygon":[313.21,195.31,345.13,195.31,345.13,201.62,313.21,201.62],"IndexInText":1080,"OcrConfidence":1.0,"Text":"Delivery","VisualLineNumber":24,"TextType":"Unknown"},{"Box":[195.31,348.72,3.99,6.32],"Polygon":[348.72,195.31,352.71,195.31,352.71,201.62,348.72,201.62],"IndexInText":1089,"OcrConfidence":1.0,"Text":":","VisualLineNumber":24,"TextType":"Unknown"},{"Box":[195.31,364.68,15.96,6.32],"Polygon":[364.68,195.31,380.64,195.31,380.64,201.62,364.68,201.62],"IndexInText":1091,"OcrConfidence":1.0,"Text":"SVIL","VisualLineNumber":24,"TextType":"Unknown"},{"Box":[195.31,384.63,19.95,6.32],"Polygon":[384.63,195.31,404.58,195.31,404.58,201.62,384.63,201.62],"IndexInText":1096,"OcrConfidence":1.0,"Text":"Fixed","VisualLineNumber":24,"TextType":"Unknown"},{"Box":[195.31,408.57,15.96,6.32],"Polygon":[408.57,195.31,424.53,195.31,424.53,201.62,408.57,201.62],"IndexInText":1102,"OcrConfidence":1.0,"Text":"Cash","VisualLineNumber":24,"TextType":"Unknown"},{"Box":[195.31,428.52,27.93,6.32],"Polygon":[428.52,195.31,456.45,195.31,456.45,201.62,428.52,201.62],"IndexInText":1107,"OcrConfidence":1.0,"Text":"Billing","VisualLineNumber":24,"TextType":"Unknown"},{"Box":[195.31,460.44,11.97,6.32],"Polygon":[460.44,195.31,472.41,195.31,472.41,201.62,460.44,201.62],"IndexInText":1115,"OcrConfidence":1.0,"Text":"All","VisualLineNumber":24,"TextType":"Unknown"},{"Box":[198.22,502.86,23.8,6.24],"Polygon":[502.86,198.22,526.66,198.22,526.66,204.46,502.86,204.46],"IndexInText":1119,"OcrConfidence":1.0,"Text":"Contact","VisualLineNumber":25,"TextType":"Unknown"},{"Box":[198.22,530.58,8.52,6.24],"Polygon":[530.58,198.22,539.1,198.22,539.1,204.46,530.58,204.46],"IndexInText":1127,"OcrConfidence":1.0,"Text":"No","VisualLineNumber":25,"TextType":"Unknown"},{"Box":[198.22,542.54,1.85,6.24],"Polygon":[542.54,198.22,544.38,198.22,544.38,204.46,542.54,204.46],"IndexInText":1130,"OcrConfidence":1.0,"Text":":","VisualLineNumber":25,"TextType":"Unknown"},{"Box":[198.22,556.1,23.8,6.24],"Polygon":[556.1,198.22,579.89,198.22,579.89,204.46,556.1,204.46],"IndexInText":1132,"OcrConfidence":1.0,"Text":"Contact","VisualLineNumber":25,"TextType":"Unknown"},{"Box":[198.22,583.81,17.87,6.24],"Polygon":[583.81,198.22,601.69,198.22,601.69,204.46,583.81,204.46],"IndexInText":1140,"OcrConfidence":1.0,"Text":"Name","VisualLineNumber":25,"TextType":"Unknown"},{"Box":[198.22,604.88,1.85,6.24],"Polygon":[604.88,198.22,606.73,198.22,606.73,204.46,604.88,204.46],"IndexInText":1145,"OcrConfidence":1.0,"Text":":","VisualLineNumber":25,"TextType":"Unknown"},{"Box":[204.5,50.44,16.43,6.24],"Polygon":[50.44,204.5,66.86,204.5,66.86,210.74,50.44,210.74],"IndexInText":1147,"OcrConfidence":1.0,"Text":"Place","VisualLineNumber":26,"TextType":"Unknown"},{"Box":[204.5,70.06,6.88,6.24],"Polygon":[70.06,204.5,76.93,204.5,76.93,210.74,70.06,210.74],"IndexInText":1153,"OcrConfidence":1.0,"Text":"Of","VisualLineNumber":26,"TextType":"Unknown"},{"Box":[204.5,80.85,20.74,6.24],"Polygon":[80.85,204.5,101.59,204.5,101.59,210.74,80.85,210.74],"IndexInText":1156,"OcrConfidence":1.0,"Text":"Supply","VisualLineNumber":26,"TextType":"Unknown"},{"Box":[204.5,144.7,1.85,6.24],"Polygon":[144.7,204.5,146.55,204.5,146.55,210.74,144.7,210.74],"IndexInText":1163,"OcrConfidence":1.0,"Text":":","VisualLineNumber":26,"TextType":"Unknown"},{"Box":[204.5,150.21,20.49,6.24],"Polygon":[150.21,204.5,170.71,204.5,170.71,210.74,150.21,210.74],"IndexInText":1165,"OcrConfidence":1.0,"Text":"Punjab","VisualLineNumber":26,"TextType":"Unknown"},{"Box":[203.29,273.31,31.92,6.32],"Polygon":[273.31,203.29,305.23,203.29,305.23,209.6,273.31,209.6],"IndexInText":1172,"OcrConfidence":1.0,"Text":"Bank_Jul","VisualLineNumber":26,"TextType":"Unknown"},{"Box":[203.29,309.22,19.95,6.32],"Polygon":[309.22,203.29,329.17,203.29,329.17,209.6,309.22,209.6],"IndexInText":1181,"OcrConfidence":1.0,"Text":"2019.","VisualLineNumber":26,"TextType":"Unknown"},{"Box":[213.91,50.44,13.7,6.24],"Polygon":[50.44,213.91,64.14,213.91,64.14,220.15,50.44,220.15],"IndexInText":1187,"OcrConfidence":1.0,"Text":"PAN","VisualLineNumber":27,"TextType":"Unknown"},{"Box":[213.91,67.47,10.49,6.24],"Polygon":[67.47,213.91,77.96,213.91,77.96,220.15,67.47,220.15],"IndexInText":1191,"OcrConfidence":1.0,"Text":"No.","VisualLineNumber":27,"TextType":"Unknown"},{"Box":[213.91,144.7,1.85,6.24],"Polygon":[144.7,213.91,146.55,213.91,146.55,220.15,144.7,220.15],"IndexInText":1195,"OcrConfidence":1.0,"Text":":","VisualLineNumber":27,"TextType":"Unknown"},{"Box":[213.91,150.21,44.46,6.24],"Polygon":[150.21,213.91,194.67,213.91,194.67,220.15,150.21,220.15],"IndexInText":1197,"OcrConfidence":1.0,"Text":"AARCS3659P","VisualLineNumber":27,"TextType":"Unknown"}]},{"IndexInText":1208,"Length":275,"Type":"TableRowEnd","Words":[{"Box":[224.54,48.58,15.96,5.88],"Polygon":[48.58,224.54,64.54,224.54,64.54,230.42,48.58,230.42],"IndexInText":1208,"OcrConfidence":1.0,"Text":"S.No","VisualLineNumber":28,"TextType":"Unknown"},{"Box":[224.54,75.74,31.92,5.88],"Polygon":[75.74,224.54,107.66,224.54,107.66,230.42,75.74,230.42],"IndexInText":1213,"OcrConfidence":1.0,"Text":"Material","VisualLineNumber":28,"TextType":"Unknown"},{"Box":[224.54,111.65,11.97,5.88],"Polygon":[111.65,224.54,123.62,224.54,123.62,230.42,111.65,230.42],"IndexInText":1222,"OcrConfidence":1.0,"Text":"No.","VisualLineNumber":28,"TextType":"Unknown"},{"Box":[224.54,127.61,3.99,5.88],"Polygon":[127.61,224.54,131.6,224.54,131.6,230.42,127.61,230.42],"IndexInText":1226,"OcrConfidence":1.0,"Text":"/","VisualLineNumber":28,"TextType":"Unknown"},{"Box":[224.54,142.71,19.95,5.88],"Polygon":[142.71,224.54,162.66,224.54,162.66,230.42,142.71,230.42],"IndexInText":1228,"OcrConfidence":1.0,"Text":"HSN/S","VisualLineNumber":28,"TextType":"Unknown"},{"Box":[224.54,176.95,11.97,5.88],"Polygon":[176.95,224.54,188.92,224.54,188.92,230.42,176.95,230.42],"IndexInText":1234,"OcrConfidence":1.0,"Text":"Qty","VisualLineNumber":28,"TextType":"Unknown"},{"Box":[224.54,202.26,15.96,5.88],"Polygon":[202.26,224.54,218.22,224.54,218.22,230.42,202.26,230.42],"IndexInText":1238,"OcrConfidence":1.0,"Text":"Rate","VisualLineNumber":28,"TextType":"Unknown"},{"Box":[224.54,222.21,11.97,5.88],"Polygon":[222.21,224.54,234.18,224.54,234.18,230.42,222.21,230.42],"IndexInText":1243,"OcrConfidence":1.0,"Text":"Per","VisualLineNumber":28,"TextType":"Unknown"},{"Box":[224.54,238.17,15.96,5.88],"Polygon":[238.16,224.54,254.12,224.54,254.12,230.42,238.16,230.42],"IndexInText":1247,"OcrConfidence":1.0,"Text":"Unit","VisualLineNumber":28,"TextType":"Unknown"},{"Box":[224.54,274.77,19.95,5.88],"Polygon":[274.77,224.54,294.72,224.54,294.72,230.42,274.77,230.42],"IndexInText":1252,"OcrConfidence":1.0,"Text":"Value","VisualLineNumber":28,"TextType":"Unknown"},{"Box":[224.54,313.91,31.92,5.88],"Polygon":[313.91,224.54,345.83,224.54,345.83,230.42,313.91,230.42],"IndexInText":1258,"OcrConfidence":1.0,"Text":"Discount","VisualLineNumber":28,"TextType":"Unknown"},{"Box":[224.54,351.61,31.92,5.88],"Polygon":[351.61,224.54,383.53,224.54,383.53,230.42,351.61,230.42],"IndexInText":1267,"OcrConfidence":1.0,"Text":"Freight/","VisualLineNumber":28,"TextType":"Unknown"},{"Box":[224.54,388.78,27.93,5.88],"Polygon":[388.78,224.54,416.71,224.54,416.71,230.42,388.78,230.42],"IndexInText":1276,"OcrConfidence":1.0,"Text":"Taxable","VisualLineNumber":28,"TextType":"Unknown"},{"Box":[224.54,420.7,19.95,5.88],"Polygon":[420.7,224.54,440.65,224.54,440.65,230.42,420.7,230.42],"IndexInText":1284,"OcrConfidence":1.0,"Text":"Value","VisualLineNumber":28,"TextType":"Unknown"},{"Box":[224.54,444.44,15.96,5.88],"Polygon":[444.44,224.54,460.4,224.54,460.4,230.42,444.44,230.42],"IndexInText":1290,"OcrConfidence":1.0,"Text":"CGST","VisualLineNumber":28,"TextType":"Unknown"},{"Box":[224.54,468.18,15.96,5.88],"Polygon":[468.18,224.54,484.14,224.54,484.14,230.42,468.18,230.42],"IndexInText":1295,"OcrConfidence":1.0,"Text":"CGST","VisualLineNumber":28,"TextType":"Unknown"},{"Box":[224.54,488.13,23.94,5.88],"Polygon":[488.13,224.54,512.07,224.54,512.07,230.42,488.13,230.42],"IndexInText":1300,"OcrConfidence":1.0,"Text":"Amount","VisualLineNumber":28,"TextType":"Unknown"},{"Box":[224.54,519.85,15.96,5.88],"Polygon":[519.85,224.54,535.81,224.54,535.81,230.42,519.85,230.42],"IndexInText":1307,"OcrConfidence":1.0,"Text":"SGST","VisualLineNumber":28,"TextType":"Unknown"},{"Box":[224.54,547.58,35.91,5.88],"Polygon":[547.58,224.54,583.49,224.54,583.49,230.42,547.58,230.42],"IndexInText":1312,"OcrConfidence":1.0,"Text":"SGST/UGST","VisualLineNumber":28,"TextType":"Unknown"},{"Box":[224.54,595.26,15.96,5.88],"Polygon":[595.26,224.54,611.22,224.54,611.22,230.42,595.26,230.42],"IndexInText":1322,"OcrConfidence":1.0,"Text":"IGST","VisualLineNumber":28,"TextType":"Unknown"},{"Box":[224.54,619.0,15.96,5.88],"Polygon":[619.0,224.54,634.96,224.54,634.96,230.42,619.0,230.42],"IndexInText":1327,"OcrConfidence":1.0,"Text":"IGST","VisualLineNumber":28,"TextType":"Unknown"},{"Box":[224.54,638.95,23.94,5.88],"Polygon":[638.95,224.54,662.89,224.54,662.89,230.42,638.95,230.42],"IndexInText":1332,"OcrConfidence":1.0,"Text":"Amount","VisualLineNumber":28,"TextType":"Unknown"},{"Box":[224.54,687.53,23.94,5.88],"Polygon":[687.53,224.54,711.47,224.54,711.47,230.42,687.53,230.42],"IndexInText":1339,"OcrConfidence":1.0,"Text":"Amount","VisualLineNumber":28,"TextType":"Unknown"},{"Box":[232.52,75.74,43.89,5.88],"Polygon":[75.74,232.52,119.63,232.52,119.63,238.4,75.74,238.4],"IndexInText":1346,"OcrConfidence":1.0,"Text":"Description","VisualLineNumber":29,"TextType":"Unknown"},{"Box":[232.52,123.62,7.98,5.88],"Polygon":[123.62,232.52,131.6,232.52,131.6,238.4,123.62,238.4],"IndexInText":1358,"OcrConfidence":1.0,"Text":"of","VisualLineNumber":29,"TextType":"Unknown"},{"Box":[232.52,148.69,7.98,5.88],"Polygon":[148.69,232.52,156.67,232.52,156.67,238.4,148.69,238.4],"IndexInText":1361,"OcrConfidence":1.0,"Text":"AC","VisualLineNumber":29,"TextType":"Unknown"},{"Box":[233.3,220.04,12.31,4.99],"Polygon":[220.04,233.3,232.35,233.3,232.35,238.29,220.04,238.29],"IndexInText":1364,"OcrConfidence":1.0,"Text":"(INR)","VisualLineNumber":29,"TextType":"Unknown"},{"Box":[233.3,276.6,12.31,4.99],"Polygon":[276.6,233.3,288.91,233.3,288.91,238.29,276.6,238.29],"IndexInText":1370,"OcrConfidence":1.0,"Text":"(INR)","VisualLineNumber":29,"TextType":"Unknown"},{"Box":[233.3,323.72,12.31,4.99],"Polygon":[323.72,233.3,336.03,233.3,336.03,238.29,323.72,238.29],"IndexInText":1376,"OcrConfidence":1.0,"Text":"(INR)","VisualLineNumber":29,"TextType":"Unknown"},{"Box":[232.52,349.62,35.91,5.88],"Polygon":[349.62,232.52,385.53,232.52,385.53,238.4,349.62,238.4],"IndexInText":1382,"OcrConfidence":1.0,"Text":"Insurance","VisualLineNumber":29,"TextType":"Unknown"},{"Box":[233.3,408.57,12.31,4.99],"Polygon":[408.57,233.3,420.88,233.3,420.88,238.29,408.57,238.29],"IndexInText":1392,"OcrConfidence":1.0,"Text":"(INR)","VisualLineNumber":29,"TextType":"Unknown"},{"Box":[232.52,444.44,15.96,5.88],"Polygon":[444.44,232.52,460.4,232.52,460.4,238.4,444.44,238.4],"IndexInText":1398,"OcrConfidence":1.0,"Text":"Rate","VisualLineNumber":29,"TextType":"Unknown"},{"Box":[233.3,483.98,12.31,4.99],"Polygon":[483.98,233.3,496.29,233.3,496.29,238.29,483.98,238.29],"IndexInText":1403,"OcrConfidence":1.0,"Text":"(INR)","VisualLineNumber":29,"TextType":"Unknown"},{"Box":[232.52,519.85,15.96,5.88],"Polygon":[519.85,232.52,535.81,232.52,535.81,238.4,519.85,238.4],"IndexInText":1409,"OcrConfidence":1.0,"Text":"/UGS","VisualLineNumber":29,"TextType":"Unknown"},{"Box":[232.52,553.57,23.94,5.88],"Polygon":[553.57,232.52,577.51,232.52,577.51,238.4,553.57,238.4],"IndexInText":1414,"OcrConfidence":1.0,"Text":"Amount","VisualLineNumber":29,"TextType":"Unknown"},{"Box":[232.52,595.26,15.96,5.88],"Polygon":[595.26,232.52,611.22,232.52,611.22,238.4,595.26,238.4],"IndexInText":1421,"OcrConfidence":1.0,"Text":"Rate","VisualLineNumber":29,"TextType":"Unknown"},{"Box":[233.3,634.8,12.31,4.99],"Polygon":[634.8,233.3,647.11,233.3,647.11,238.29,634.8,238.29],"IndexInText":1426,"OcrConfidence":1.0,"Text":"(INR)","VisualLineNumber":29,"TextType":"Unknown"},{"Box":[233.3,691.35,12.31,4.99],"Polygon":[691.35,233.3,703.66,233.3,703.66,238.29,691.35,238.29],"IndexInText":1432,"OcrConfidence":1.0,"Text":"(INR)","VisualLineNumber":29,"TextType":"Unknown"},{"Box":[240.5,93.7,19.95,5.88],"Polygon":[93.7,240.5,113.65,240.5,113.65,246.38,93.7,246.38],"IndexInText":1438,"OcrConfidence":1.0,"Text":"Goods","VisualLineNumber":30,"TextType":"Unknown"},{"Box":[240.5,144.7,15.96,5.88],"Polygon":[144.7,240.5,160.66,240.5,160.66,246.38,144.7,246.38],"IndexInText":1444,"OcrConfidence":1.0,"Text":"Code","VisualLineNumber":30,"TextType":"Unknown"},{"Box":[240.5,349.62,3.99,5.88],"Polygon":[349.62,240.5,353.61,240.5,353.61,246.38,349.62,246.38],"IndexInText":1449,"OcrConfidence":1.0,"Text":"/","VisualLineNumber":30,"TextType":"Unknown"},{"Box":[240.5,357.6,27.93,5.88],"Polygon":[357.6,240.5,385.53,240.5,385.53,246.38,357.6,246.38],"IndexInText":1451,"OcrConfidence":1.0,"Text":"Packing","VisualLineNumber":30,"TextType":"Unknown"},{"Box":[240.5,450.43,3.99,5.88],"Polygon":[450.43,240.5,454.42,240.5,454.42,246.38,450.43,246.38],"IndexInText":1459,"OcrConfidence":1.0,"Text":"%","VisualLineNumber":30,"TextType":"Unknown"},{"Box":[240.5,525.84,3.99,5.88],"Polygon":[525.84,240.5,529.83,240.5,529.83,246.38,525.84,246.38],"IndexInText":1461,"OcrConfidence":1.0,"Text":"T","VisualLineNumber":30,"TextType":"Unknown"},{"Box":[241.28,559.39,12.31,4.99],"Polygon":[559.39,241.28,571.7,241.28,571.7,246.27,559.39,246.27],"IndexInText":1463,"OcrConfidence":1.0,"Text":"(INR)","VisualLineNumber":30,"TextType":"Unknown"},{"Box":[240.5,601.25,3.99,5.88],"Polygon":[601.25,240.5,605.24,240.5,605.24,246.38,601.25,246.38],"IndexInText":1469,"OcrConfidence":1.0,"Text":"%","VisualLineNumber":30,"TextType":"Unknown"},{"Box":[249.26,361.42,12.31,4.99],"Polygon":[361.42,249.26,373.73,249.26,373.73,254.25,361.42,254.25],"IndexInText":1471,"OcrConfidence":1.0,"Text":"(INR)","VisualLineNumber":31,"TextType":"Unknown"},{"Box":[248.48,519.85,15.96,5.88],"Polygon":[519.85,248.48,535.81,248.48,535.81,254.36,519.85,254.36],"IndexInText":1477,"OcrConfidence":1.0,"Text":"Rate","VisualLineNumber":31,"TextType":"Unknown"},{"Box":[256.46,525.84,3.99,5.88],"Polygon":[525.84,256.46,529.83,256.46,529.83,262.34,525.84,262.34],"IndexInText":1482,"OcrConfidence":1.0,"Text":"%","VisualLineNumber":32,"TextType":"Unknown"}]},{"IndexInText":1757,"Length":184,"Type":"TableRowEnd","Words":[{"Box":[266.09,51.1,3.99,6.32],"Polygon":[51.1,266.09,55.09,266.09,55.09,272.41,51.1,272.41],"IndexInText":1757,"OcrConfidence":1.0,"Text":"1","VisualLineNumber":33,"TextType":"Unknown"},{"Box":[266.09,69.96,55.86,6.32],"Polygon":[69.96,266.09,125.82,266.09,125.82,272.41,69.96,272.41],"IndexInText":1759,"OcrConfidence":1.0,"Text":"SVILSFIXR00001","VisualLineNumber":33,"TextType":"Unknown"},{"Box":[266.09,145.37,15.96,6.32],"Polygon":[145.37,266.09,161.33,266.09,161.33,272.41,145.37,272.41],"IndexInText":1774,"OcrConfidence":1.0,"Text":"9971","VisualLineNumber":33,"TextType":"Unknown"},{"Box":[266.88,191.88,2.96,4.99],"Polygon":[191.88,266.88,194.84,266.88,194.84,271.87,191.88,271.87],"IndexInText":1779,"OcrConfidence":1.0,"Text":"1","VisualLineNumber":33,"TextType":"Unknown"},{"Box":[266.88,216.29,35.1,4.99],"Polygon":[216.29,266.88,251.38,266.88,251.38,271.87,216.29,271.87],"IndexInText":1781,"OcrConfidence":1.0,"Text":"1,567,727.82","VisualLineNumber":33,"TextType":"Unknown"},{"Box":[266.88,272.84,35.1,4.99],"Polygon":[272.84,266.88,307.94,266.88,307.94,271.87,272.84,271.87],"IndexInText":1794,"OcrConfidence":1.0,"Text":"1,567,727.82","VisualLineNumber":33,"TextType":"Unknown"},{"Box":[266.88,334.22,11.43,4.99],"Polygon":[334.22,266.88,345.65,266.88,345.65,271.87,334.22,271.87],"IndexInText":1807,"OcrConfidence":1.0,"Text":"0.00","VisualLineNumber":33,"TextType":"Unknown"},{"Box":[266.88,371.93,11.43,4.99],"Polygon":[371.93,266.88,383.36,266.88,383.36,271.87,371.93,271.87],"IndexInText":1812,"OcrConfidence":1.0,"Text":"0.00","VisualLineNumber":33,"TextType":"Unknown"},{"Box":[266.88,404.81,35.1,4.99],"Polygon":[404.81,266.88,439.9,266.88,439.9,271.87,404.81,271.87],"IndexInText":1817,"OcrConfidence":1.0,"Text":"1,567,727.82","VisualLineNumber":33,"TextType":"Unknown"},{"Box":[266.09,453.85,3.99,6.32],"Polygon":[453.85,266.09,457.84,266.09,457.84,272.41,453.85,272.41],"IndexInText":1830,"OcrConfidence":1.0,"Text":"9","VisualLineNumber":33,"TextType":"Unknown"},{"Box":[266.88,485.34,29.98,4.99],"Polygon":[485.34,266.88,515.32,266.88,515.32,271.87,485.34,271.87],"IndexInText":1832,"OcrConfidence":1.0,"Text":"141,095.53","VisualLineNumber":33,"TextType":"Unknown"},{"Box":[266.09,529.26,3.99,6.32],"Polygon":[529.26,266.09,533.25,266.09,533.25,272.41,529.26,272.41],"IndexInText":1843,"OcrConfidence":1.0,"Text":"9","VisualLineNumber":33,"TextType":"Unknown"},{"Box":[266.88,560.75,29.98,4.99],"Polygon":[560.75,266.88,590.73,266.88,590.73,271.87,560.75,271.87],"IndexInText":1845,"OcrConfidence":1.0,"Text":"141,095.53","VisualLineNumber":33,"TextType":"Unknown"},{"Box":[266.88,654.71,11.43,4.99],"Polygon":[654.71,266.88,666.15,266.88,666.15,271.87,654.71,271.87],"IndexInText":1856,"OcrConfidence":1.0,"Text":"0.00","VisualLineNumber":33,"TextType":"Unknown"},{"Box":[266.88,687.6,35.1,4.99],"Polygon":[687.6,266.88,722.69,266.88,722.69,271.87,687.6,271.87],"IndexInText":1861,"OcrConfidence":1.0,"Text":"1,849,918.88","VisualLineNumber":33,"TextType":"Unknown"},{"Box":[274.07,69.96,15.96,6.32],"Polygon":[69.96,274.07,85.92,274.07,85.92,280.39,69.96,280.39],"IndexInText":1874,"OcrConfidence":1.0,"Text":"SVIL","VisualLineNumber":34,"TextType":"Unknown"},{"Box":[274.07,89.91,15.96,6.32],"Polygon":[89.91,274.07,105.87,274.07,105.87,280.39,89.91,280.39],"IndexInText":1879,"OcrConfidence":1.0,"Text":"_All","VisualLineNumber":34,"TextType":"Unknown"},{"Box":[274.07,109.86,15.96,6.32],"Polygon":[109.86,274.07,125.82,274.07,125.82,280.39,109.86,280.39],"IndexInText":1884,"OcrConfidence":1.0,"Text":"Bank","VisualLineNumber":34,"TextType":"Unknown"},{"Box":[282.05,65.97,19.95,6.32],"Polygon":[65.97,282.05,85.92,282.05,85.92,288.37,65.97,288.37],"IndexInText":1889,"OcrConfidence":1.0,"Text":"Fixed","VisualLineNumber":35,"TextType":"Unknown"},{"Box":[282.05,89.91,27.93,6.32],"Polygon":[89.91,282.05,117.84,282.05,117.84,288.37,89.91,288.37],"IndexInText":1895,"OcrConfidence":1.0,"Text":"Loading","VisualLineNumber":35,"TextType":"Unknown"},{"Box":[290.03,65.97,27.93,6.32],"Polygon":[65.97,290.03,93.9,290.03,93.9,296.35,65.97,296.35],"IndexInText":1903,"OcrConfidence":1.0,"Text":"Service","VisualLineNumber":36,"TextType":"Unknown"},{"Box":[306.69,69.29,20.55,5.37],"Polygon":[69.29,306.69,89.84,306.69,89.84,312.06,69.29,312.06],"IndexInText":1911,"OcrConfidence":1.0,"Text":"Charges","VisualLineNumber":37,"TextType":"Unknown"},{"Box":[306.69,92.17,9.11,5.37],"Polygon":[92.17,306.69,101.28,306.69,101.28,312.06,92.17,312.06],"IndexInText":1919,"OcrConfidence":1.0,"Text":"For","VisualLineNumber":37,"TextType":"Unknown"},{"Box":[306.69,103.61,9.11,5.37],"Polygon":[103.61,306.69,112.72,306.69,112.72,312.06,103.61,312.06],"IndexInText":1923,"OcrConfidence":1.0,"Text":"The","VisualLineNumber":37,"TextType":"Unknown"},{"Box":[306.69,115.05,14.83,5.37],"Polygon":[115.05,306.69,129.89,306.69,129.89,312.06,115.05,312.06],"IndexInText":1927,"OcrConfidence":1.0,"Text":"Month","VisualLineNumber":37,"TextType":"Unknown"},{"Box":[314.67,69.29,23.41,5.37],"Polygon":[69.29,314.67,92.7,314.67,92.7,320.04,69.29,320.04],"IndexInText":1933,"OcrConfidence":1.0,"Text":"Jul.2019","VisualLineNumber":38,"TextType":"Unknown"}]},{"IndexInText":2306,"Length":1,"Type":"TableRowEnd","Words":[{"Box":[428.12,47.11,3.99,6.32],"Polygon":[47.11,428.12,51.1,428.12,51.1,434.44,47.11,434.44],"IndexInText":2306,"OcrConfidence":1.0,"Text":".","VisualLineNumber":39,"TextType":"Unknown"}]},{"IndexInText":2855,"Length":303,"Type":"TableRowEnd","Words":[{"Box":[437.53,51.1,31.92,5.88],"Polygon":[51.1,437.53,83.02,437.53,83.02,443.41,51.1,443.41],"IndexInText":2855,"OcrConfidence":1.0,"Text":"Rounding","VisualLineNumber":40,"TextType":"Unknown"},{"Box":[437.53,87.01,11.97,5.88],"Polygon":[87.01,437.53,98.98,437.53,98.98,443.41,87.01,443.41],"IndexInText":2864,"OcrConfidence":1.0,"Text":"Off","VisualLineNumber":40,"TextType":"Unknown"},{"Box":[438.32,711.41,11.44,4.72],"Polygon":[711.41,438.32,722.85,438.32,722.85,443.03,711.41,443.03],"IndexInText":2868,"OcrConfidence":1.0,"Text":"0.12","VisualLineNumber":40,"TextType":"Unknown"},{"Box":[445.51,51.1,19.95,5.88],"Polygon":[51.1,445.51,71.05,445.51,71.05,451.39,51.1,451.39],"IndexInText":2873,"OcrConfidence":1.0,"Text":"Total","VisualLineNumber":41,"TextType":"Unknown"},{"Box":[445.51,75.04,27.93,5.88],"Polygon":[75.04,445.51,102.97,445.51,102.97,451.39,75.04,451.39],"IndexInText":2879,"OcrConfidence":1.0,"Text":"Taxable","VisualLineNumber":41,"TextType":"Unknown"},{"Box":[445.51,106.96,19.95,5.88],"Polygon":[106.96,445.51,126.91,445.51,126.91,451.39,106.96,451.39],"IndexInText":2887,"OcrConfidence":1.0,"Text":"Value","VisualLineNumber":41,"TextType":"Unknown"},{"Box":[446.3,696.14,26.64,4.72],"Polygon":[696.14,446.3,722.78,446.3,722.78,451.01,696.14,451.01],"IndexInText":2893,"OcrConfidence":1.0,"Text":"1,567,728","VisualLineNumber":41,"TextType":"Unknown"},{"Box":[453.49,51.1,19.95,5.88],"Polygon":[51.1,453.49,71.05,453.49,71.05,459.37,51.1,459.37],"IndexInText":2903,"OcrConfidence":1.0,"Text":"Total","VisualLineNumber":42,"TextType":"Unknown"},{"Box":[453.49,75.04,11.97,5.88],"Polygon":[75.04,453.49,87.01,453.49,87.01,459.37,75.04,459.37],"IndexInText":2909,"OcrConfidence":1.0,"Text":"GST","VisualLineNumber":42,"TextType":"Unknown"},{"Box":[453.49,91.0,19.95,5.88],"Polygon":[91.0,453.49,110.95,453.49,110.95,459.37,91.0,459.37],"IndexInText":2913,"OcrConfidence":1.0,"Text":"Value","VisualLineNumber":42,"TextType":"Unknown"},{"Box":[453.49,114.94,11.97,5.88],"Polygon":[114.94,453.49,126.91,453.49,126.91,459.37,114.94,459.37],"IndexInText":2919,"OcrConfidence":1.0,"Text":"(in","VisualLineNumber":42,"TextType":"Unknown"},{"Box":[453.49,130.9,23.94,5.88],"Polygon":[130.9,453.49,154.84,453.49,154.84,459.37,130.9,459.37],"IndexInText":2923,"OcrConfidence":1.0,"Text":"words)","VisualLineNumber":42,"TextType":"Unknown"},{"Box":[453.49,235.6,7.98,6.32],"Polygon":[235.6,453.49,243.58,453.49,243.58,459.8,235.6,459.8],"IndexInText":2930,"OcrConfidence":1.0,"Text":":-","VisualLineNumber":42,"TextType":"Unknown"},{"Box":[453.49,247.57,11.97,5.88],"Polygon":[247.57,453.49,259.54,453.49,259.54,459.37,247.57,459.37],"IndexInText":2933,"OcrConfidence":1.0,"Text":"TWO","VisualLineNumber":42,"TextType":"Unknown"},{"Box":[453.49,263.53,15.96,5.88],"Polygon":[263.53,453.49,279.49,453.49,279.49,459.37,263.53,459.37],"IndexInText":2937,"OcrConfidence":1.0,"Text":"LAKH","VisualLineNumber":42,"TextType":"Unknown"},{"Box":[453.49,283.48,23.94,5.88],"Polygon":[283.48,453.49,307.42,453.49,307.42,459.37,283.48,459.37],"IndexInText":2942,"OcrConfidence":1.0,"Text":"EIGHTY","VisualLineNumber":42,"TextType":"Unknown"},{"Box":[453.49,311.41,11.97,5.88],"Polygon":[311.41,453.49,323.38,453.49,323.38,459.37,311.41,459.37],"IndexInText":2949,"OcrConfidence":1.0,"Text":"TWO","VisualLineNumber":42,"TextType":"Unknown"},{"Box":[453.49,327.37,31.92,5.88],"Polygon":[327.37,453.49,359.29,453.49,359.29,459.37,327.37,459.37],"IndexInText":2953,"OcrConfidence":1.0,"Text":"THOUSAND","VisualLineNumber":42,"TextType":"Unknown"},{"Box":[453.49,363.28,11.97,5.88],"Polygon":[363.28,453.49,375.25,453.49,375.25,459.37,363.28,459.37],"IndexInText":2962,"OcrConfidence":1.0,"Text":"ONE","VisualLineNumber":42,"TextType":"Unknown"},{"Box":[453.49,379.24,27.93,5.88],"Polygon":[379.24,453.49,407.17,453.49,407.17,459.37,379.24,459.37],"IndexInText":2966,"OcrConfidence":1.0,"Text":"HUNDRED","VisualLineNumber":42,"TextType":"Unknown"},{"Box":[453.49,411.16,23.94,5.88],"Polygon":[411.16,453.49,435.1,453.49,435.1,459.37,411.16,459.37],"IndexInText":2974,"OcrConfidence":1.0,"Text":"NINETY","VisualLineNumber":42,"TextType":"Unknown"},{"Box":[453.49,439.09,11.97,5.88],"Polygon":[439.09,453.49,451.06,453.49,451.06,459.37,439.09,459.37],"IndexInText":2981,"OcrConfidence":1.0,"Text":"ONE","VisualLineNumber":42,"TextType":"Unknown"},{"Box":[453.49,455.05,23.94,5.88],"Polygon":[455.05,453.49,478.99,453.49,478.99,459.37,455.05,459.37],"IndexInText":2985,"OcrConfidence":1.0,"Text":"RUPEES","VisualLineNumber":42,"TextType":"Unknown"},{"Box":[453.49,482.98,19.95,5.88],"Polygon":[482.98,453.49,502.93,453.49,502.93,459.37,482.98,459.37],"IndexInText":2992,"OcrConfidence":1.0,"Text":"ONLY.","VisualLineNumber":42,"TextType":"Unknown"},{"Box":[454.28,701.29,21.51,4.72],"Polygon":[701.29,454.28,722.8,454.28,722.8,458.99,701.29,458.99],"IndexInText":2998,"OcrConfidence":1.0,"Text":"282,191","VisualLineNumber":42,"TextType":"Unknown"},{"Box":[461.47,51.1,19.95,5.88],"Polygon":[51.1,461.47,71.05,461.47,71.05,467.35,51.1,467.35],"IndexInText":3006,"OcrConfidence":1.0,"Text":"Total","VisualLineNumber":43,"TextType":"Unknown"},{"Box":[461.47,75.04,27.93,5.88],"Polygon":[75.04,461.47,102.97,461.47,102.97,467.35,75.04,467.35],"IndexInText":3012,"OcrConfidence":1.0,"Text":"Invoice","VisualLineNumber":43,"TextType":"Unknown"},{"Box":[461.47,106.96,19.95,5.88],"Polygon":[106.96,461.47,126.91,461.47,126.91,467.35,106.96,467.35],"IndexInText":3020,"OcrConfidence":1.0,"Text":"Value","VisualLineNumber":43,"TextType":"Unknown"},{"Box":[461.47,130.9,11.97,5.88],"Polygon":[130.9,461.47,142.87,461.47,142.87,467.35,130.9,467.35],"IndexInText":3026,"OcrConfidence":1.0,"Text":"(in","VisualLineNumber":43,"TextType":"Unknown"},{"Box":[461.47,146.86,23.94,5.88],"Polygon":[146.86,461.47,170.8,461.47,170.8,467.35,146.86,467.35],"IndexInText":3030,"OcrConfidence":1.0,"Text":"words)","VisualLineNumber":43,"TextType":"Unknown"},{"Box":[461.47,235.6,7.98,6.32],"Polygon":[235.6,461.47,243.58,461.47,243.58,467.78,235.6,467.78],"IndexInText":3037,"OcrConfidence":1.0,"Text":":-","VisualLineNumber":43,"TextType":"Unknown"},{"Box":[461.47,247.57,31.92,5.88],"Polygon":[247.57,461.47,279.49,461.47,279.49,467.35,247.57,467.35],"IndexInText":3040,"OcrConfidence":1.0,"Text":"EIGHTEEN","VisualLineNumber":43,"TextType":"Unknown"},{"Box":[461.47,283.48,15.96,5.88],"Polygon":[283.48,461.47,299.44,461.47,299.44,467.35,283.48,467.35],"IndexInText":3049,"OcrConfidence":1.0,"Text":"LAKH","VisualLineNumber":43,"TextType":"Unknown"},{"Box":[461.47,303.43,19.95,5.88],"Polygon":[303.43,461.47,323.38,461.47,323.38,467.35,303.43,467.35],"IndexInText":3054,"OcrConfidence":1.0,"Text":"FORTY","VisualLineNumber":43,"TextType":"Unknown"},{"Box":[461.47,327.37,15.96,5.88],"Polygon":[327.37,461.47,343.33,461.47,343.33,467.35,327.37,467.35],"IndexInText":3060,"OcrConfidence":1.0,"Text":"NINE","VisualLineNumber":43,"TextType":"Unknown"},{"Box":[461.47,347.32,31.92,5.88],"Polygon":[347.32,461.47,379.24,461.47,379.24,467.35,347.32,467.35],"IndexInText":3065,"OcrConfidence":1.0,"Text":"THOUSAND","VisualLineNumber":43,"TextType":"Unknown"},{"Box":[461.47,383.23,15.96,5.88],"Polygon":[383.23,461.47,399.19,461.47,399.19,467.35,383.23,467.35],"IndexInText":3074,"OcrConfidence":1.0,"Text":"NINE","VisualLineNumber":43,"TextType":"Unknown"},{"Box":[461.47,403.18,27.93,5.88],"Polygon":[403.18,461.47,431.11,461.47,431.11,467.35,403.18,467.35],"IndexInText":3079,"OcrConfidence":1.0,"Text":"HUNDRED","VisualLineNumber":43,"TextType":"Unknown"},{"Box":[461.47,435.1,31.92,5.88],"Polygon":[435.1,461.47,467.02,461.47,467.02,467.35,435.1,467.35],"IndexInText":3087,"OcrConfidence":1.0,"Text":"NINETEEN","VisualLineNumber":43,"TextType":"Unknown"},{"Box":[461.47,471.01,23.94,5.88],"Polygon":[471.01,461.47,494.95,461.47,494.95,467.35,471.01,467.35],"IndexInText":3096,"OcrConfidence":1.0,"Text":"RUPEES","VisualLineNumber":43,"TextType":"Unknown"},{"Box":[461.47,498.94,19.95,5.88],"Polygon":[498.94,461.47,518.89,461.47,518.89,467.35,498.94,467.35],"IndexInText":3103,"OcrConfidence":1.0,"Text":"ONLY.","VisualLineNumber":43,"TextType":"Unknown"},{"Box":[462.26,696.14,26.64,4.72],"Polygon":[696.14,462.26,722.78,462.26,722.78,466.97,696.14,466.97],"IndexInText":3109,"OcrConfidence":1.0,"Text":"1,849,919","VisualLineNumber":43,"TextType":"Unknown"},{"Box":[469.45,51.1,27.93,5.88],"Polygon":[51.1,469.45,79.03,469.45,79.03,475.33,51.1,475.33],"IndexInText":3119,"OcrConfidence":1.0,"Text":"Whether","VisualLineNumber":44,"TextType":"Unknown"},{"Box":[469.45,83.02,27.93,5.88],"Polygon":[83.02,469.45,110.95,469.45,110.95,475.33,83.02,475.33],"IndexInText":3127,"OcrConfidence":1.0,"Text":"Reverse","VisualLineNumber":44,"TextType":"Unknown"},{"Box":[469.45,114.94,23.94,5.88],"Polygon":[114.94,469.45,138.88,469.45,138.88,475.33,114.94,475.33],"IndexInText":3135,"OcrConfidence":1.0,"Text":"charge","VisualLineNumber":44,"TextType":"Unknown"},{"Box":[469.45,142.87,39.9,5.88],"Polygon":[142.87,469.45,182.77,469.45,182.77,475.33,142.87,475.33],"IndexInText":3142,"OcrConfidence":1.0,"Text":"applicable","VisualLineNumber":44,"TextType":"Unknown"},{"Box":[469.45,235.6,7.98,6.32],"Polygon":[235.6,469.45,243.58,469.45,243.58,475.76,235.6,475.76],"IndexInText":3153,"OcrConfidence":1.0,"Text":":-","VisualLineNumber":44,"TextType":"Unknown"},{"Box":[469.45,247.57,7.98,5.88],"Polygon":[247.57,469.45,255.55,469.45,255.55,475.33,247.57,475.33],"IndexInText":3156,"OcrConfidence":1.0,"Text":"NO","VisualLineNumber":44,"TextType":"Unknown"}]},{"IndexInText":3404,"Length":117,"Type":"TableRowEnd","Words":[{"Box":[492.63,537.24,11.97,5.88],"Polygon":[537.24,492.63,549.21,492.63,549.21,498.51,537.24,498.51],"IndexInText":3404,"OcrConfidence":1.0,"Text":"For","VisualLineNumber":45,"TextType":"Unknown"},{"Box":[492.63,553.2,43.89,5.88],"Polygon":[553.2,492.63,597.09,492.63,597.09,498.51,553.2,498.51],"IndexInText":3408,"OcrConfidence":1.0,"Text":"Securevalue","VisualLineNumber":45,"TextType":"Unknown"},{"Box":[492.63,601.08,19.95,5.88],"Polygon":[601.08,492.63,621.03,492.63,621.03,498.51,601.08,498.51],"IndexInText":3420,"OcrConfidence":1.0,"Text":"India","VisualLineNumber":45,"TextType":"Unknown"},{"Box":[492.63,625.02,31.92,5.88],"Polygon":[625.02,492.63,656.94,492.63,656.94,498.51,625.02,498.51],"IndexInText":3426,"OcrConfidence":1.0,"Text":"Limited.","VisualLineNumber":45,"TextType":"Unknown"},{"Box":[516.57,564.08,39.9,5.88],"Polygon":[564.08,516.57,603.97,516.57,603.97,522.45,564.08,522.45],"IndexInText":3435,"OcrConfidence":1.0,"Text":"Authorised","VisualLineNumber":46,"TextType":"Unknown"},{"Box":[516.57,607.96,35.91,5.88],"Polygon":[607.96,516.57,643.87,516.57,643.87,522.45,607.96,522.45],"IndexInText":3446,"OcrConfidence":1.0,"Text":"Signatory","VisualLineNumber":46,"TextType":"Unknown"},{"Box":[520.37,50.43,26.03,6.24],"Polygon":[50.43,520.37,76.45,520.37,76.45,526.61,50.43,526.61],"IndexInText":3456,"OcrConfidence":1.0,"Text":"Certified","VisualLineNumber":47,"TextType":"Unknown"},{"Box":[520.37,79.89,11.7,6.24],"Polygon":[79.89,520.37,91.6,520.37,91.6,526.61,79.89,526.61],"IndexInText":3466,"OcrConfidence":1.0,"Text":"that","VisualLineNumber":47,"TextType":"Unknown"},{"Box":[520.37,95.51,9.97,6.24],"Polygon":[95.51,520.37,105.49,520.37,105.49,526.61,95.51,526.61],"IndexInText":3471,"OcrConfidence":1.0,"Text":"the","VisualLineNumber":47,"TextType":"Unknown"},{"Box":[520.37,108.68,32.06,6.24],"Polygon":[108.68,520.37,140.74,520.37,140.74,526.61,108.68,526.61],"IndexInText":3475,"OcrConfidence":1.0,"Text":"particulars","VisualLineNumber":47,"TextType":"Unknown"},{"Box":[520.37,143.89,16.42,6.24],"Polygon":[143.89,520.37,160.31,520.37,160.31,526.61,143.89,526.61],"IndexInText":3487,"OcrConfidence":1.0,"Text":"given","VisualLineNumber":47,"TextType":"Unknown"},{"Box":[520.37,163.75,18.62,6.24],"Polygon":[163.75,520.37,182.37,520.37,182.37,526.61,163.75,526.61],"IndexInText":3493,"OcrConfidence":1.0,"Text":"above","VisualLineNumber":47,"TextType":"Unknown"},{"Box":[520.37,185.56,9.6,6.24],"Polygon":[185.56,520.37,195.16,520.37,195.16,526.61,185.56,526.61],"IndexInText":3499,"OcrConfidence":1.0,"Text":"are","VisualLineNumber":47,"TextType":"Unknown"},{"Box":[520.37,198.35,12.3,6.24],"Polygon":[198.35,520.37,210.65,520.37,210.65,526.61,198.35,526.61],"IndexInText":3503,"OcrConfidence":1.0,"Text":"true","VisualLineNumber":47,"TextType":"Unknown"},{"Box":[520.37,213.85,11.1,6.24],"Polygon":[213.85,520.37,224.94,520.37,224.94,526.61,213.85,526.61],"IndexInText":3508,"OcrConfidence":1.0,"Text":"and","VisualLineNumber":47,"TextType":"Unknown"},{"Box":[520.37,228.29,21.06,6.24],"Polygon":[228.29,520.37,249.35,520.37,249.35,526.61,228.29,526.61],"IndexInText":3512,"OcrConfidence":1.0,"Text":"correct","VisualLineNumber":47,"TextType":"Unknown"},{"Box":[520.37,253.27,1.85,6.24],"Polygon":[253.27,520.37,255.12,520.37,255.12,526.61,253.27,526.61],"IndexInText":3520,"OcrConfidence":1.0,"Text":".","VisualLineNumber":47,"TextType":"Unknown"}]},{"IndexInText":3953,"Length":197,"Type":"TableRowEnd","Words":[{"Box":[531.61,50.43,17.4,6.24],"Polygon":[50.43,531.61,67.82,531.61,67.82,537.85,50.43,537.85],"IndexInText":3953,"OcrConfidence":1.0,"Text":"Regd.","VisualLineNumber":48,"TextType":"Unknown"},{"Box":[531.61,71.49,20.56,6.24],"Polygon":[71.49,531.61,92.05,531.61,92.05,537.85,71.49,537.85],"IndexInText":3959,"OcrConfidence":1.0,"Text":"Office:","VisualLineNumber":48,"TextType":"Unknown"},{"Box":[531.61,95.71,37.62,6.24],"Polygon":[95.71,531.61,133.34,531.61,133.34,537.85,95.71,537.85],"IndexInText":3967,"OcrConfidence":1.0,"Text":"Securevalue","VisualLineNumber":48,"TextType":"Unknown"},{"Box":[531.61,136.46,14.8,6.24],"Polygon":[136.46,531.61,151.25,531.61,151.25,537.85,136.46,537.85],"IndexInText":3979,"OcrConfidence":1.0,"Text":"India","VisualLineNumber":48,"TextType":"Unknown"},{"Box":[531.61,154.44,13.9,6.24],"Polygon":[154.44,531.61,168.35,531.61,168.35,537.85,154.44,537.85],"IndexInText":3985,"OcrConfidence":1.0,"Text":"Ltd.,","VisualLineNumber":48,"TextType":"Unknown"},{"Box":[531.61,172.01,29.23,6.24],"Polygon":[172.01,531.61,201.24,531.61,201.24,537.85,172.01,537.85],"IndexInText":3991,"OcrConfidence":1.0,"Text":"601/602,","VisualLineNumber":48,"TextType":"Unknown"},{"Box":[531.61,204.9,17.62,6.24],"Polygon":[204.9,531.61,222.52,531.61,222.52,537.85,204.9,537.85],"IndexInText":4000,"OcrConfidence":1.0,"Text":"Trade","VisualLineNumber":48,"TextType":"Unknown"},{"Box":[531.61,225.76,20.1,6.24],"Polygon":[225.76,531.61,245.86,531.61,245.86,537.85,225.76,537.85],"IndexInText":4006,"OcrConfidence":1.0,"Text":"World,","VisualLineNumber":48,"TextType":"Unknown"},{"Box":[531.61,249.52,24.17,6.24],"Polygon":[249.52,531.61,273.69,531.61,273.69,537.85,249.52,537.85],"IndexInText":4013,"OcrConfidence":1.0,"Text":"B-Wing,","VisualLineNumber":48,"TextType":"Unknown"},{"Box":[531.61,277.35,22.7,6.24],"Polygon":[277.35,531.61,300.06,531.61,300.06,537.85,277.35,537.85],"IndexInText":4021,"OcrConfidence":1.0,"Text":"Kamala","VisualLineNumber":48,"TextType":"Unknown"},{"Box":[531.61,303.25,14.22,6.24],"Polygon":[303.25,531.61,317.46,531.61,317.46,537.85,303.25,537.85],"IndexInText":4028,"OcrConfidence":1.0,"Text":"Mills","VisualLineNumber":48,"TextType":"Unknown"},{"Box":[531.61,320.66,35.26,6.24],"Polygon":[320.66,531.61,355.92,531.61,355.92,537.85,320.66,537.85],"IndexInText":4034,"OcrConfidence":1.0,"Text":"Compound,","VisualLineNumber":48,"TextType":"Unknown"},{"Box":[531.61,359.59,18.97,6.24],"Polygon":[359.59,531.61,378.56,531.61,378.56,537.85,359.59,537.85],"IndexInText":4044,"OcrConfidence":1.0,"Text":"Lower","VisualLineNumber":48,"TextType":"Unknown"},{"Box":[531.61,381.98,14.91,6.24],"Polygon":[381.98,531.61,396.89,531.61,396.89,537.85,381.98,537.85],"IndexInText":4050,"OcrConfidence":1.0,"Text":"Parel","VisualLineNumber":48,"TextType":"Unknown"},{"Box":[531.61,400.35,22.26,6.24],"Polygon":[400.35,531.61,422.61,531.61,422.61,537.85,400.35,537.85],"IndexInText":4056,"OcrConfidence":1.0,"Text":"(West),","VisualLineNumber":48,"TextType":"Unknown"},{"Box":[531.61,426.32,38.94,6.24],"Polygon":[426.32,531.61,465.26,531.61,465.26,537.85,426.32,537.85],"IndexInText":4064,"OcrConfidence":1.0,"Text":"Mumbai-400","VisualLineNumber":48,"TextType":"Unknown"},{"Box":[531.61,469.07,12.09,6.24],"Polygon":[469.07,531.61,481.16,531.61,481.16,537.85,469.07,537.85],"IndexInText":4075,"OcrConfidence":1.0,"Text":"013","VisualLineNumber":48,"TextType":"Unknown"},{"Box":[531.61,484.97,11.25,6.24],"Polygon":[484.97,531.61,496.22,531.61,496.22,537.85,484.97,537.85],"IndexInText":4079,"OcrConfidence":1.0,"Text":"Tel:","VisualLineNumber":48,"TextType":"Unknown"},{"Box":[531.61,499.84,3.88,6.24],"Polygon":[499.84,531.61,503.72,531.61,503.72,537.85,499.84,537.85],"IndexInText":4084,"OcrConfidence":1.0,"Text":"+","VisualLineNumber":48,"TextType":"Unknown"},{"Box":[531.61,506.49,54.26,6.24],"Polygon":[506.49,531.61,560.74,531.61,560.74,537.85,506.49,537.85],"IndexInText":4086,"OcrConfidence":1.0,"Text":"91-22-67812000","VisualLineNumber":48,"TextType":"Unknown"},{"Box":[531.61,564.55,10.6,6.24],"Polygon":[564.55,531.61,575.15,531.61,575.15,537.85,564.55,537.85],"IndexInText":4101,"OcrConfidence":1.0,"Text":"Fax","VisualLineNumber":48,"TextType":"Unknown"},{"Box":[531.61,578.84,12.69,6.24],"Polygon":[578.84,531.61,591.53,531.61,591.53,537.85,578.84,537.85],"IndexInText":4105,"OcrConfidence":1.0,"Text":"No.:","VisualLineNumber":48,"TextType":"Unknown"},{"Box":[531.61,595.2,3.88,6.24],"Polygon":[595.2,531.61,599.08,531.61,599.08,537.85,595.2,537.85],"IndexInText":4110,"OcrConfidence":1.0,"Text":"+","VisualLineNumber":48,"TextType":"Unknown"},{"Box":[531.61,601.85,54.26,6.24],"Polygon":[601.85,531.61,656.1,531.61,656.1,537.85,601.85,537.85],"IndexInText":4112,"OcrConfidence":1.0,"Text":"91-22-24935384","VisualLineNumber":48,"TextType":"Unknown"},{"Box":[531.61,659.91,15.9,6.24],"Polygon":[659.91,531.61,675.81,531.61,675.81,537.85,659.91,537.85],"IndexInText":4127,"OcrConfidence":1.0,"Text":"Web:","VisualLineNumber":48,"TextType":"Unknown"},{"Box":[539.59,47.11,63.57,6.24],"Polygon":[47.11,539.59,110.68,539.59,110.68,545.83,47.11,545.83],"IndexInText":4132,"OcrConfidence":1.0,"Text":"www.securevalue.in","VisualLineNumber":49,"TextType":"Unknown"}]}]},{"IndexInText":4503,"Language":"eng","Length":10,"Rotation":"None","SkewAngle":0.0,"Type":"Footer","WordGroups":[{"IndexInText":4503,"Length":10,"Type":"Other","Words":[{"Box":[566.46,620.15,18.59,6.22],"Polygon":[620.15,566.46,638.75,566.46,638.75,572.67,620.15,572.67],"IndexInText":4503,"OcrConfidence":1.0,"Text":"Page1","VisualLineNumber":50,"TextType":"Unknown"},{"Box":[566.46,642.55,5.67,6.22],"Polygon":[642.55,566.46,648.22,566.46,648.22,572.67,642.55,572.67],"IndexInText":4509,"OcrConfidence":1.0,"Text":"of","VisualLineNumber":50,"TextType":"Unknown"},{"Box":[566.46,652.19,3.7,6.22],"Polygon":[652.19,566.46,655.88,566.46,655.88,572.67,652.19,572.67],"IndexInText":4512,"OcrConfidence":1.0,"Text":"1","VisualLineNumber":50,"TextType":"Unknown"}]}]}],"ProcessingSource":"PdfAndOcr","IndexInText":0,"TextLength":4513,"SkewAngle":0.0,"Rotation":"None","PageMetadata":[{"Key":"ImageHash","Value":"af35f20e6dc5e3652300ae8d8f567c46"},{"Key":"OcrConfidence","Value":"0.94400007"}]}],"DocumentMetadata":[{"Key":"CommitSHA","Value":null},{"Key":"ReleaseVersion","Value":null},{"Key":"OcrConfidence","Value":"0.94400007"}]}